/*
Navicat MySQL Data Transfer

Source Server         : vpn
Source Server Version : 50714
Source Host           : 35.189.190.160:3306
Source Database       : vpn

Target Server Type    : MYSQL
Target Server Version : 50714
File Encoding         : 65001

Date: 2019-12-27 10:49:27
*/

SET FOREIGN_KEY_CHECKS=0;

-- ----------------------------
-- Table structure for banner
-- ----------------------------
DROP TABLE IF EXISTS `banner`;
CREATE TABLE `banner` (
  `id` bigint(20) NOT NULL AUTO_INCREMENT,
  `banner` varchar(255) DEFAULT NULL COMMENT 'banner 地址',
  `tagertUrl` varchar(255) DEFAULT NULL COMMENT '跳转的地址',
  `status` tinyint(2) DEFAULT NULL COMMENT '状态 是跳转  0 否  1 启用',
  PRIMARY KEY (`id`)
) ENGINE=InnoDB AUTO_INCREMENT=2 DEFAULT CHARSET=utf8;

-- ----------------------------
-- Records of banner
-- ----------------------------
INSERT INTO `banner` VALUES ('1', 'https://api.laniao.io/banner/banner.png', '', '0');

-- ----------------------------
-- Table structure for check_code
-- ----------------------------
DROP TABLE IF EXISTS `check_code`;
CREATE TABLE `check_code` (
  `id` varchar(32) NOT NULL COMMENT '唯一标识',
  `ip` varchar(255) DEFAULT NULL COMMENT 'ip 地址',
  `msg_id` varchar(255) DEFAULT NULL COMMENT 'messageId',
  `phone` varchar(32) DEFAULT NULL COMMENT '手机号',
  `check_code` varchar(16) DEFAULT NULL COMMENT '验证码',
  `create_at` datetime DEFAULT NULL COMMENT '创建时间',
  `expire_at` datetime DEFAULT NULL COMMENT '过期时间',
  `is_use` tinyint(1) DEFAULT NULL COMMENT '是否使用 0 未使用  1 已使用',
  `use_at` datetime DEFAULT NULL COMMENT '使用时间',
  `del_flag` tinyint(1) DEFAULT NULL COMMENT '是否删除 0 未删除  1 已删除',
  PRIMARY KEY (`id`)
) ENGINE=InnoDB DEFAULT CHARSET=utf8 COMMENT='手机验证码表';

-- ----------------------------
-- Records of check_code
-- ----------------------------
INSERT INTO `check_code` VALUES ('0280b9c17e924d90a22ce65a3e9ae3c4', '36.98.124.102, 34.102.190.145', null, '16558785248', '274985', '2019-12-18 12:50:23', '2019-12-18 12:55:23', '0', null, '0');
INSERT INTO `check_code` VALUES ('02c7c5c464784d56b79061a10d837df9', '116.17.146.173', '871951679832', '15291417986', null, '2019-10-21 04:36:20', '2019-10-21 04:41:20', '0', null, '0');
INSERT INTO `check_code` VALUES ('065c8c1355f24f26b3b5cbab9fa0d86d', '120.239.112.64, 34.102.179.102', null, '13226376334', '760195', '2019-12-18 13:08:26', '2019-12-18 13:13:26', '1', '2019-12-18 13:08:40', '0');
INSERT INTO `check_code` VALUES ('096b21a212854a9ca95ca72be7f63146', '117.136.79.55, 34.102.148.37', null, '13712347857', '572391', '2019-12-25 23:01:53', '2019-12-25 23:06:53', '1', '2019-12-25 23:02:16', '0');
INSERT INTO `check_code` VALUES ('098f4521852745b69c68f0d28cbbbbb5', '120.231.8.112, 34.102.190.145', null, '15807590723', '826047', '2019-12-21 13:15:53', '2019-12-21 13:20:53', '0', null, '0');
INSERT INTO `check_code` VALUES ('0c2b9d074faa492886a9db90fea1702f', '35.201.205.154', '848956629265', '18205933658', null, '2019-09-18 16:52:48', '2019-09-18 16:57:48', '0', null, '0');
INSERT INTO `check_code` VALUES ('0c9d12efd3574f17bd1306453e570e7b', '223.150.17.249, 34.102.190.145', null, '17773662377', '315962', '2019-12-23 12:39:09', '2019-12-23 12:44:09', '1', '2019-12-23 12:39:26', '0');
INSERT INTO `check_code` VALUES ('0efbd6d50052478e8ac454cf276ae5a1', '14.209.36.199', '898611527686', '17150522475', null, '2019-11-27 20:35:56', '2019-11-27 20:40:56', '1', '2019-11-27 20:37:17', '0');
INSERT INTO `check_code` VALUES ('119718893c2944198504cf322d924bf1', '103.138.74.10, 34.102.148.37', null, '13243896593', '297346', '2019-12-24 03:42:35', '2019-12-24 03:47:35', '1', '2019-12-24 03:42:44', '0');
INSERT INTO `check_code` VALUES ('11b29e8ca0e6469da6bb06b0ed15f7a1', '117.155.193.174, 34.102.171.94', null, '17508669151', '530178', '2019-12-09 23:13:43', '2019-12-09 23:18:43', '1', '2019-12-09 23:14:12', '0');
INSERT INTO `check_code` VALUES ('158658e25b1a49129e8d63a9dad84e7a', '51.89.98.60, 34.102.148.37', null, '16739465448', '732890', '2019-12-18 13:45:56', '2019-12-18 13:50:56', '1', '2019-12-18 13:46:22', '0');
INSERT INTO `check_code` VALUES ('16e53d61a5cb49a6b43d4044f60b5ed9', '103.193.191.8', '867328374304', '13910119022', null, '2019-10-14 15:50:11', '2019-10-14 15:55:11', '1', '2019-10-14 15:50:32', '0');
INSERT INTO `check_code` VALUES ('18083cddfebc4ad4aa86bb032d7cfee9', '192.168.10.9', '838955057607', '17016751386', null, '2019-09-04 13:44:34', '2019-09-04 13:49:34', '0', null, '0');
INSERT INTO `check_code` VALUES ('1a31b787e3734144b1d789d4d07fa346', '61.148.244.188', '869500581580', '18519839059', null, '2019-10-17 17:29:34', '2019-10-17 17:34:34', '1', '2019-10-17 17:29:51', '0');
INSERT INTO `check_code` VALUES ('1a9f428ad79f47309a0c1963f876b514', '14.120.87.140', '854600324952', '13088811122', null, '2019-09-26 16:14:54', '2019-09-26 16:19:54', '1', '2019-09-26 16:15:12', '0');
INSERT INTO `check_code` VALUES ('1df23969a054478ba70ac1204c60f516', '47.244.197.241, 34.102.201.23', null, '17191917455', '649158', '2019-12-18 16:26:40', '2019-12-18 16:31:40', '1', '2019-12-18 16:26:58', '0');
INSERT INTO `check_code` VALUES ('1e558facbbad4a9b8307dfe7edc60cfe', '112.17.247.251, 34.102.190.145', null, '17858660172', '012376', '2019-12-19 16:35:58', '2019-12-19 16:40:58', '1', '2019-12-19 16:36:37', '0');
INSERT INTO `check_code` VALUES ('2152a3129a5641b18e027e49ea47ddcf', '112.97.63.82, 34.102.179.102', null, '17688705161', '789351', '2019-12-18 12:58:36', '2019-12-18 13:03:36', '1', '2019-12-18 12:58:55', '0');
INSERT INTO `check_code` VALUES ('2268df73cb214ef8b54070bf8874675c', '35.201.205.154', '848958404115', '18510841345', null, '2019-09-18 16:56:23', '2019-09-18 17:01:23', '1', '2019-09-18 16:56:41', '0');
INSERT INTO `check_code` VALUES ('2283a8775d5b44f8bb52b2eeb9260b8d', '101.28.110.219, 34.102.201.23', null, '15232348578', '901456', '2019-12-15 09:32:06', '2019-12-15 09:37:06', '0', null, '0');
INSERT INTO `check_code` VALUES ('22acbe258fa1407b97f82a3a46f2c48c', '182.239.115.52, 34.102.245.24', null, '85254874029', '976281', '2019-12-13 12:55:12', '2019-12-13 13:00:12', '0', null, '0');
INSERT INTO `check_code` VALUES ('233fc3f664b940c5bc42626ab404f7ef', '220.249.163.194', '877168408193', '18650745645', null, '2019-10-28 13:29:47', '2019-10-28 13:34:47', '1', '2019-10-28 13:30:07', '0');
INSERT INTO `check_code` VALUES ('265a1550332b4ea09133ae23c8f403f7', '222.76.36.133', '877280788558', '15059349305', null, '2019-10-28 17:18:26', '2019-10-28 17:23:26', '1', '2019-10-28 17:18:43', '0');
INSERT INTO `check_code` VALUES ('270e06b27e55491cb8cbd82bc46bd020', '117.136.38.61', '891398128020', '15811346079', null, '2019-11-17 16:00:15', '2019-11-17 16:05:15', '0', null, '0');
INSERT INTO `check_code` VALUES ('27c55f7ceecb4edb98b4f12a63f9bb17', '106.118.33.231, 34.102.233.131', '230955734290432', '18611458032', null, '2019-12-02 21:17:22', '2019-12-02 21:22:22', '0', null, '0');
INSERT INTO `check_code` VALUES ('28ac57d548c6424f9aadc8dc12c4e645', '36.27.71.83', '869631320064', '15221398072', null, '2019-10-17 21:55:33', '2019-10-17 22:00:33', '1', '2019-10-17 21:55:53', '0');
INSERT INTO `check_code` VALUES ('298a54ea4d62417f928c91325143218f', '223.104.3.202', '879381174070', '15121921044', null, '2019-10-31 16:31:41', '2019-10-31 16:36:41', '1', '2019-10-31 16:32:00', '0');
INSERT INTO `check_code` VALUES ('29c859fa3903486a8ef3d573b6b6d7ff', '14.30.19.210, 34.102.190.145', null, '18924478932', '426093', '2019-12-22 22:17:38', '2019-12-22 22:22:38', '1', '2019-12-22 22:17:52', '0');
INSERT INTO `check_code` VALUES ('2b8bedd982754acba798a9e78741519e', '1.9.140.228, 34.102.148.37', null, '0178545698', '459170', '2019-12-19 05:59:16', '2019-12-19 06:04:16', '0', null, '0');
INSERT INTO `check_code` VALUES ('2d6c88d2580246c89b00b8a814e87854', '183.64.253.252, 34.102.233.131', null, '13658248655', '532867', '2019-12-18 05:08:03', '2019-12-18 05:13:03', '1', '2019-12-18 05:08:34', '0');
INSERT INTO `check_code` VALUES ('2e0cd50740024c33a662821178c2ec13', '210.152.83.74, 34.102.245.24', null, '19092355380', '520361', '2019-12-18 13:53:38', '2019-12-18 13:58:38', '1', '2019-12-18 13:54:33', '0');
INSERT INTO `check_code` VALUES ('2e61a979753c4f7cbd140bf0d97d3f5b', '153.34.16.33, 34.102.245.24', null, '18625267025', '196204', '2019-12-26 12:37:55', '2019-12-26 12:42:55', '1', '2019-12-26 12:38:14', '0');
INSERT INTO `check_code` VALUES ('30a0d563635d4f68914d7454c756ef39', '101.206.170.123, 34.102.195.196', null, '18583160763', '976032', '2019-12-27 02:27:38', '2019-12-27 02:32:38', '1', '2019-12-27 02:27:49', '0');
INSERT INTO `check_code` VALUES ('30b3bd9fe9294e3f9d1dff3640e1af54', '120.229.53.146', '879573554945', '18813930812', null, '2019-10-31 23:03:04', '2019-10-31 23:08:04', '1', '2019-10-31 23:03:28', '0');
INSERT INTO `check_code` VALUES ('3276cb0dbe504b028fb343d97fda1784', '111.194.229.173, 34.102.148.37', null, '18643149120', '128067', '2019-12-09 11:47:35', '2019-12-09 11:52:35', '1', '2019-12-09 11:47:50', '0');
INSERT INTO `check_code` VALUES ('32f3d70dd337468fab6214e6f9ab01b5', '172.104.48.48', '882883166712', '18022823703', null, '2019-11-05 15:16:30', '2019-11-05 15:21:30', '1', '2019-11-05 15:16:45', '0');
INSERT INTO `check_code` VALUES ('346606836b1849cb906b3fba7ad75e8c', '113.147.46.126, 34.102.233.131', null, '18230857180', '875631', '2019-12-19 21:55:32', '2019-12-19 22:00:32', '1', '2019-12-19 21:55:47', '0');
INSERT INTO `check_code` VALUES ('35ed2a2ba8ce47f18db78a10260b863f', '36.60.152.102, 34.102.148.37', null, '15156486034', '678402', '2019-12-19 17:35:17', '2019-12-19 17:40:17', '1', '2019-12-19 17:35:39', '0');
INSERT INTO `check_code` VALUES ('367e000fbada4728aa9947c4ce1499d3', '36.98.20.213, 34.102.148.37', null, '17367730685', '251837', '2019-12-18 23:47:43', '2019-12-18 23:52:43', '1', '2019-12-18 23:48:01', '0');
INSERT INTO `check_code` VALUES ('371954ccb6b845e2baafc4ad7ed984ac', '120.239.150.221, 34.102.233.131', null, '15766663042', '528041', '2019-12-24 19:45:31', '2019-12-24 19:50:31', '1', '2019-12-24 19:45:56', '0');
INSERT INTO `check_code` VALUES ('371ae6c639f6459480857a970f7ed176', '210.152.83.74, 34.102.190.145', null, '34911067207', '713092', '2019-12-18 13:48:51', '2019-12-18 13:53:51', '0', null, '0');
INSERT INTO `check_code` VALUES ('38e9c6eb964a4211ad9a44eb8082a430', '117.136.4.43, 34.102.190.145', null, '19834533070', '173945', '2019-12-22 23:46:25', '2019-12-22 23:51:25', '1', '2019-12-22 23:46:41', '0');
INSERT INTO `check_code` VALUES ('3a6211daeb75401d98ddd54efed9b089', '223.104.66.52', '885255987505', '18316673698', null, '2019-11-08 23:44:02', '2019-11-08 23:49:02', '1', '2019-11-08 23:44:21', '0');
INSERT INTO `check_code` VALUES ('3a8495a6bd16473394f43717658c5f36', '223.104.254.72, 34.102.245.24', null, '18100549533', '931056', '2019-12-20 14:01:12', '2019-12-20 14:06:12', '1', '2019-12-20 14:01:41', '0');
INSERT INTO `check_code` VALUES ('3ba5373ef37b4f83b2d857415582670d', '1.9.140.228, 34.102.148.37', null, '60178545698', '748291', '2019-12-19 06:03:33', '2019-12-19 06:08:33', '0', null, '0');
INSERT INTO `check_code` VALUES ('3d98fa4d191e4e0191c7cfa8ba0354f8', '140.243.9.10', '849071175646', '18106961576', null, '2019-09-18 20:45:49', '2019-09-18 20:50:49', '1', '2019-09-18 20:46:09', '0');
INSERT INTO `check_code` VALUES ('3efac49441144eb2a724e06af7f44eed', '111.202.66.122, 35.201.205.154', '848509745107', '15210824656', null, '2019-09-18 01:43:36', '2019-09-18 01:48:36', '0', null, '0');
INSERT INTO `check_code` VALUES ('40a14e820cdd4e0882ee38a3dc0fd28a', '14.126.230.172', '881337409988', '18176482989', null, '2019-11-03 10:51:40', '2019-11-03 10:56:40', '1', '2019-11-03 10:52:02', '0');
INSERT INTO `check_code` VALUES ('40fb32376d034fdfa9a602741dd50ee4', '120.244.236.209, 34.102.148.37', null, '13161135451', '130245', '2019-12-09 15:03:21', '2019-12-09 15:08:21', '1', '2019-12-09 15:03:34', '0');
INSERT INTO `check_code` VALUES ('4155b1b524bf4f328f8afbb91b55102e', '35.201.205.154', '889481565926', '15901040790', null, '2019-11-14 23:00:59', '2019-11-14 23:05:59', '1', '2019-11-14 23:02:15', '0');
INSERT INTO `check_code` VALUES ('416169b37b71479bb338b50834f0d7d1', '124.64.17.109', '874563051738', '15501163529', null, '2019-10-24 21:09:12', '2019-10-24 21:14:12', '1', '2019-10-24 21:09:20', '0');
INSERT INTO `check_code` VALUES ('421894ed740e4a449079e3b2e4fde1d3', '118.116.13.35, 34.102.148.37', null, '15908166925', '067832', '2019-12-27 01:03:56', '2019-12-27 01:08:56', '1', '2019-12-27 01:04:08', '0');
INSERT INTO `check_code` VALUES ('44f49cfab1ec46639dc7a016f2820eb9', '183.11.37.75', '880259924348', '13342786668', null, '2019-11-01 22:19:31', '2019-11-01 22:24:31', '1', '2019-11-01 22:19:54', '0');
INSERT INTO `check_code` VALUES ('45cea2c1bb714386ac3053cdc60a0527', '36.98.124.102, 34.102.224.177', null, '1908747253', '648507', '2019-12-18 12:44:14', '2019-12-18 12:49:14', '0', null, '0');
INSERT INTO `check_code` VALUES ('48657a42a80947319508da8601523314', '124.64.19.29', '869499412604', '18910255355', null, '2019-10-17 17:27:11', '2019-10-17 17:32:11', '0', null, '0');
INSERT INTO `check_code` VALUES ('48b21843923a4cd580ed866440246627', '120.230.99.15, 34.102.171.94', null, '13422349868', '314569', '2019-12-25 03:10:38', '2019-12-25 03:15:38', '1', '2019-12-25 03:10:59', '0');
INSERT INTO `check_code` VALUES ('4a51224147874b27aa3fbe9b73acc69f', '13.78.19.73, 34.102.195.196', null, '19183763748', '872419', '2019-12-18 12:06:49', '2019-12-18 12:11:49', '0', null, '0');
INSERT INTO `check_code` VALUES ('4e562e1d77dc4143900df8d7ece210fe', '112.98.16.39, 34.102.195.196', null, '18866478984', '709182', '2019-12-15 21:48:26', '2019-12-15 21:53:26', '0', null, '0');
INSERT INTO `check_code` VALUES ('50d39ffd8f6b450988836c5d3f1380ee', '223.88.56.100, 34.102.171.94', null, '15103802774', '208379', '2019-12-21 15:42:20', '2019-12-21 15:47:20', '1', '2019-12-21 15:42:36', '0');
INSERT INTO `check_code` VALUES ('51aef54ef7a940a7b587652722290e16', '114.242.250.26', '878619910155', '18587832903', null, '2019-10-30 14:42:53', '2019-10-30 14:47:53', '1', '2019-10-30 14:43:16', '0');
INSERT INTO `check_code` VALUES ('529899b600384df18f037029fb7c4abc', '13.230.99.203, 34.102.148.37', null, '18178274544', '735196', '2019-12-19 16:42:52', '2019-12-19 16:47:52', '1', '2019-12-19 16:43:06', '0');
INSERT INTO `check_code` VALUES ('53f906db827d48f9b7e7d10d50256643', '116.171.245.153, 34.102.201.23', null, '18285462961', '572016', '2019-12-18 12:30:10', '2019-12-18 12:35:10', '1', '2019-12-18 12:30:29', '0');
INSERT INTO `check_code` VALUES ('553b6bbb413b4d448952320061b2d6b3', '36.98.124.102, 34.102.224.177', null, '19087472538', '906873', '2019-12-18 12:45:17', '2019-12-18 12:50:17', '0', null, '0');
INSERT INTO `check_code` VALUES ('55dae85c96d940a3a967372212facaa2', '123.149.212.166', '881620301601', '18580221511', null, '2019-11-03 20:27:11', '2019-11-03 20:32:11', '1', '2019-11-03 20:27:26', '0');
INSERT INTO `check_code` VALUES ('5a0b86626ff84d9a9930fddc4453923a', '124.64.16.226', '878684037357', '13126529999', null, '2019-10-30 16:53:21', '2019-10-30 16:58:21', '1', '2019-10-30 16:54:20', '0');
INSERT INTO `check_code` VALUES ('5b6a3f225f52481e8b8df1f2ad441756', '124.236.149.98', '880214851837', '15128180738', null, '2019-11-01 20:47:48', '2019-11-01 20:52:48', '1', '2019-11-01 20:48:57', '0');
INSERT INTO `check_code` VALUES ('5dabc635aa084bfdbea941d87433c4f6', '47.88.225.87', '882797797806', '17100767554', null, '2019-11-05 12:22:50', '2019-11-05 12:27:50', '1', '2019-11-05 12:23:26', '0');
INSERT INTO `check_code` VALUES ('5e60b6161a504cfead50d730b9046aa7', '35.236.172.75', '848523753061', '18500820888', null, '2019-09-18 02:12:05', '2019-09-18 02:17:05', '0', null, '0');
INSERT INTO `check_code` VALUES ('5efe20a370f643fb9677fbf41d8d8ef0', '23.225.159.186, 34.102.148.37', null, '86185045657', '325016', '2019-12-20 22:11:22', '2019-12-20 22:16:22', '0', null, '0');
INSERT INTO `check_code` VALUES ('5f3f6767620e4329b08e9bb8f1a253a7', '94.140.138.36, 34.102.171.94', null, '13614510879', '350946', '2019-12-14 23:35:23', '2019-12-14 23:40:23', '0', null, '0');
INSERT INTO `check_code` VALUES ('614f0551085044e1936c05b73c17e7e2', '51.89.98.60, 34.102.148.37', null, '18866670045', '098234', '2019-12-18 13:43:56', '2019-12-18 13:48:56', '0', null, '0');
INSERT INTO `check_code` VALUES ('61f53ad9753b42e0bd1b9bdc2a02b7ec', '35.201.205.154', '850449111005', '18810595122', null, '2019-09-20 19:29:14', '2019-09-20 19:34:14', '1', '2019-09-20 19:30:15', '0');
INSERT INTO `check_code` VALUES ('652011cd393d4e29aea38ce5b8634e9b', '117.136.107.242, 34.102.190.145', null, '18866478945', '643219', '2019-12-18 13:22:57', '2019-12-18 13:27:57', '0', null, '0');
INSERT INTO `check_code` VALUES ('65e4d33d9e894bb9a0720ecd53ad0ce4', '113.119.177.74, 34.102.190.145', null, '13580460088', '503781', '2019-12-18 23:58:56', '2019-12-19 00:03:56', '1', '2019-12-18 23:59:11', '0');
INSERT INTO `check_code` VALUES ('66346eb8173742af988299d2b2a5b464', '58.153.109.127, 34.102.245.24', null, '13844957452', '246198', '2019-12-19 15:37:53', '2019-12-19 15:42:53', '1', '2019-12-19 15:38:17', '0');
INSERT INTO `check_code` VALUES ('677dc19cf003454b9b549473b6eef54c', '14.28.163.103, 34.102.148.37', null, '18038992007', '408961', '2019-12-18 18:41:07', '2019-12-18 18:46:07', '1', '2019-12-18 18:41:36', '0');
INSERT INTO `check_code` VALUES ('67b7952e332848ed82eb43de59dd45ea', '222.129.20.212', '853902128809', '13110066901', null, '2019-09-25 16:34:26', '2019-09-25 16:39:26', '1', '2019-09-25 16:34:39', '0');
INSERT INTO `check_code` VALUES ('68114ab8d784442eb5b59938847f9d07', '103.193.191.8, 34.102.179.102', null, '18301403656', '065782', '2019-12-27 10:38:29', '2019-12-27 10:43:29', '1', '2019-12-27 10:38:45', '0');
INSERT INTO `check_code` VALUES ('72f9a095009d4b3dbee54fbc61c771be', '112.96.102.217', '843297912689', '13024777513', null, '2019-09-10 17:00:06', '2019-09-10 17:05:06', '1', '2019-09-10 17:00:50', '0');
INSERT INTO `check_code` VALUES ('73063ebe83694fa09e656b4aca318457', '182.239.114.161, 34.102.245.24', null, '1761254633', '025786', '2019-12-17 15:02:22', '2019-12-17 15:07:22', '0', null, '0');
INSERT INTO `check_code` VALUES ('734384083cb44caca86d6df2e94b76de', '59.120.154.32', '893393819196', '18500230888', null, '2019-11-20 11:40:29', '2019-11-20 11:45:29', '0', null, '0');
INSERT INTO `check_code` VALUES ('74ab120812a24dd889f2e0029085d8ec', '94.140.138.36, 34.102.171.94', null, '79678534234', '057938', '2019-12-14 23:34:23', '2019-12-14 23:39:23', '0', null, '0');
INSERT INTO `check_code` VALUES ('74d9910ab6e4437588bea207710c1800', '14.209.36.199', '898621538407', '17109324204', null, '2019-11-27 20:56:18', '2019-11-27 21:01:18', '1', '2019-11-27 20:59:08', '0');
INSERT INTO `check_code` VALUES ('767669c0b84040708d3f8a7d170324b7', '210.152.83.74, 34.102.148.37', null, '85265724519', '051923', '2019-12-18 13:25:06', '2019-12-18 13:30:06', '0', null, '0');
INSERT INTO `check_code` VALUES ('76c4a923bcc74f7eb37a2646e7602e0a', '117.136.67.223, 34.102.148.37', null, '13862007115', '572401', '2019-12-25 13:54:35', '2019-12-25 13:59:35', '1', '2019-12-25 13:54:49', '0');
INSERT INTO `check_code` VALUES ('76eff51f6e734738b3411f4205fd02f5', '117.136.22.34', '883624146656', '15919054793', null, '2019-11-06 16:24:02', '2019-11-06 16:29:02', '1', '2019-11-06 16:24:30', '0');
INSERT INTO `check_code` VALUES ('78757d4f492c4e31be223f5c504c4d6a', '35.201.205.154', '848803070451', '18510844386', null, '2019-09-18 11:40:22', '2019-09-18 11:45:22', '0', null, '0');
INSERT INTO `check_code` VALUES ('78aa206f532e4e928060e541d8cdea14', '223.83.134.170, 34.102.224.177', null, '18907097417', '479260', '2019-12-18 21:41:35', '2019-12-18 21:46:35', '1', '2019-12-18 21:41:52', '0');
INSERT INTO `check_code` VALUES ('7913debdcba0459f8322b7361148727d', '112.98.16.39, 34.102.195.196', null, '18866478549', '761389', '2019-12-15 21:44:08', '2019-12-15 21:49:08', '0', null, '0');
INSERT INTO `check_code` VALUES ('7a4ac69fce674f6c9a5f2e187479b604', '35.201.205.154', '850405054292', '18510961500', null, '2019-09-20 17:59:37', '2019-09-20 18:04:37', '1', '2019-09-20 17:59:58', '0');
INSERT INTO `check_code` VALUES ('7a5bc82b5b844032af3095aeef247911', '106.39.148.204, 34.102.224.177', null, '18301403659', '872304', '2019-12-26 22:35:39', '2019-12-26 22:40:39', '0', null, '0');
INSERT INTO `check_code` VALUES ('7adef59c5d704eadae1495dbf41816ab', '61.147.221.7, 34.102.148.37', null, '15906222043', '864190', '2019-12-19 10:42:24', '2019-12-19 10:47:24', '1', '2019-12-19 10:42:41', '0');
INSERT INTO `check_code` VALUES ('7b18330a237148799db78e049dfcb73b', '119.135.205.145', '893411825564', '18023472327', null, '2019-11-20 12:17:07', '2019-11-20 12:22:07', '1', '2019-11-20 12:17:25', '0');
INSERT INTO `check_code` VALUES ('7b33b10963cd4bee8e6bb4387ec1d307', '223.104.170.88, 34.102.245.24', null, '18370548779', '948637', '2019-12-21 02:39:48', '2019-12-21 02:44:48', '1', '2019-12-21 02:40:01', '0');
INSERT INTO `check_code` VALUES ('7b372d3ac6ac4b4da1f318de5d6b2ffb', '221.220.158.180, 34.102.195.196', null, '18611792988', '560728', '2019-12-26 22:38:09', '2019-12-26 22:43:09', '1', '2019-12-26 22:38:20', '0');
INSERT INTO `check_code` VALUES ('7d452745e790425d8d940e4801257653', '49.216.122.158, 34.102.224.177', null, '18205933058', '684213', '2019-12-07 14:47:40', '2019-12-07 14:52:40', '0', null, '0');
INSERT INTO `check_code` VALUES ('7efa1ee107624b8fa264e897c3b45ffd', '36.27.71.83', '869627311836', '13184230426', null, '2019-10-17 21:47:23', '2019-10-17 21:52:23', '1', '2019-10-17 21:47:41', '0');
INSERT INTO `check_code` VALUES ('7f1dc74b903149a1b9fab672bad4cf18', '117.157.100.237, 34.102.171.94', null, '13919868586', '043652', '2019-12-15 12:27:59', '2019-12-15 12:32:59', '1', '2019-12-15 12:28:16', '0');
INSERT INTO `check_code` VALUES ('7fb0125b592a451298c3c7422c2fc9e8', '117.136.89.251, 34.102.224.177', null, '18373633486', '948706', '2019-12-27 03:41:04', '2019-12-27 03:46:04', '1', '2019-12-27 03:41:18', '0');
INSERT INTO `check_code` VALUES ('80514716be5245da88ab69013d37584a', '202.192.80.13, 34.102.195.196', null, '15016786844', '496172', '2019-12-19 12:56:59', '2019-12-19 13:01:59', '1', '2019-12-19 12:57:22', '0');
INSERT INTO `check_code` VALUES ('8544e0bfef8641b2bf95a688b84c92af', '114.242.250.225', '869522831037', '15110027858', null, '2019-10-17 18:14:50', '2019-10-17 18:19:50', '1', '2019-10-17 18:16:06', '0');
INSERT INTO `check_code` VALUES ('87f2e5f853974dd08b46fd9edc850a80', '49.147.178.33, 34.102.245.24', null, '09065245651', '768593', '2019-12-18 00:02:28', '2019-12-18 00:07:28', '0', null, '0');
INSERT INTO `check_code` VALUES ('88d296f54ea246a9b8d9c10fa6822515', '223.104.63.29', '877406453904', '13670037902', null, '2019-10-28 21:34:06', '2019-10-28 21:39:06', '1', '2019-10-28 21:34:24', '0');
INSERT INTO `check_code` VALUES ('8c797b9b163744c99d54cb99ec6735bd', '182.112.99.174', '865972076712', '15290017717', null, '2019-10-12 17:50:48', '2019-10-12 17:55:48', '1', '2019-10-12 17:51:01', '0');
INSERT INTO `check_code` VALUES ('9248a49e8f0f488b963480393af7e367', '219.157.144.208, 34.102.224.177', null, '13526589076', '638945', '2019-12-14 21:40:07', '2019-12-14 21:45:07', '1', '2019-12-14 21:40:25', '0');
INSERT INTO `check_code` VALUES ('926202c766d54a33bf08a2af64fcbaef', '14.157.65.39, 34.102.245.24', null, '17786188036', '735196', '2019-12-20 16:12:09', '2019-12-20 16:17:09', '1', '2019-12-20 16:12:25', '0');
INSERT INTO `check_code` VALUES ('927e2b0bf3c44fb6ae69f72fb7e3b02a', '27.18.164.137, 34.102.171.94', null, '19972700266', '980236', '2019-12-18 16:47:28', '2019-12-18 16:52:28', '1', '2019-12-18 16:47:40', '0');
INSERT INTO `check_code` VALUES ('93106f7ad69a455cbe45c7d9aa2f8edb', '218.92.221.167, 34.102.201.23', null, '17648282333', '937120', '2019-12-18 12:16:31', '2019-12-18 12:21:31', '0', null, '0');
INSERT INTO `check_code` VALUES ('94e400a1273b46ba8cf7d81e2e612a40', '111.202.66.122', '854437476338', '15210827656', null, '2019-09-26 10:43:35', '2019-09-26 10:48:35', '0', null, '0');
INSERT INTO `check_code` VALUES ('977860b0de6c4d99b3efcbdc9978e8c7', '14.25.54.10', '848966580175', '15810686586', null, '2019-09-18 17:13:02', '2019-09-18 17:18:02', '1', '2019-09-18 17:13:25', '0');
INSERT INTO `check_code` VALUES ('9790ecfbe1a34959819ddbcad6d11246', '139.162.54.96, 34.102.148.37', null, '17378184189', '802461', '2019-12-23 23:05:21', '2019-12-23 23:10:21', '1', '2019-12-23 23:05:39', '0');
INSERT INTO `check_code` VALUES ('99d15f8c34a04e7f9346d4edf6370ccc', '117.136.105.20, 34.102.201.23', null, '15039746509', '239104', '2019-12-25 10:29:10', '2019-12-25 10:34:10', '1', '2019-12-25 10:29:20', '0');
INSERT INTO `check_code` VALUES ('9a8c14224cf64f8f80e57ff24a39e47b', '221.192.179.190, 34.102.233.131', null, '18633888636', '697301', '2019-12-19 14:50:57', '2019-12-19 14:55:57', '1', '2019-12-19 14:51:12', '0');
INSERT INTO `check_code` VALUES ('9de23f9a50bd48f481b512531d37ef60', '74.82.211.140', '843865464911', '17600876977', null, '2019-09-11 12:14:48', '2019-09-11 12:19:48', '1', '2019-09-11 12:15:00', '0');
INSERT INTO `check_code` VALUES ('9e27ad802aa74a1caaed87faf475924d', '223.74.48.213', '894384582639', '18578899616', null, '2019-11-21 21:16:11', '2019-11-21 21:21:11', '1', '2019-11-21 21:16:59', '0');
INSERT INTO `check_code` VALUES ('9e6f2bba21c54b2b993eaf0c406061f8', '122.97.179.22, 34.102.171.94', null, '54874029', '148926', '2019-12-13 12:37:54', '2019-12-13 12:42:54', '0', null, '0');
INSERT INTO `check_code` VALUES ('a6eaf47878e04f86b368ecaa1ec1794e', '172.104.43.41, 34.102.148.37', null, '18009678411', '312784', '2019-12-15 11:18:44', '2019-12-15 11:23:44', '1', '2019-12-15 11:19:01', '0');
INSERT INTO `check_code` VALUES ('a79e7961d01a4c6889443a107026d525', '192.168.10.9', '838955906605', '17016751507', null, '2019-09-04 13:46:17', '2019-09-04 13:51:17', '0', null, '0');
INSERT INTO `check_code` VALUES ('aabe9ca7457943c6a7314980186c3c0f', '122.96.41.174', '884555890872', '13057517159', null, '2019-11-07 23:59:41', '2019-11-08 00:04:41', '0', null, '0');
INSERT INTO `check_code` VALUES ('aae8670d22d84f2c9cbb6fcf6fafc03f', '113.100.97.179, 34.102.233.131', null, '18866478574', '765318', '2019-12-18 08:41:29', '2019-12-18 08:46:29', '0', null, '0');
INSERT INTO `check_code` VALUES ('ab97dbc98f184f78b89ccf5e41463fb4', '121.28.69.85, 34.102.195.196', null, '18633454343', '478235', '2019-12-18 22:01:10', '2019-12-18 22:06:10', '1', '2019-12-18 22:01:22', '0');
INSERT INTO `check_code` VALUES ('aea36ebd912444a6ba557ea99ce0af33', '35.201.205.154', '230680843800576', '13910712105', null, '2019-12-01 08:52:45', '2019-12-01 08:57:45', '0', null, '0');
INSERT INTO `check_code` VALUES ('af1c817370f945ae960f740beb644d07', '210.152.83.74, 34.102.233.131', null, '4592451983', '725340', '2019-12-18 13:28:22', '2019-12-18 13:33:22', '0', null, '0');
INSERT INTO `check_code` VALUES ('af8e9faa9c3146038cafd66d94e30142', '112.95.206.45, 34.102.233.131', null, '15014868946', '753981', '2019-12-15 13:39:21', '2019-12-15 13:44:21', '1', '2019-12-15 13:39:52', '0');
INSERT INTO `check_code` VALUES ('b1932e42f30249b7a729924484b85e7c', '59.52.52.233, 34.102.233.131', null, '16574489975', '762815', '2019-12-22 12:13:33', '2019-12-22 12:18:33', '1', '2019-12-22 12:14:12', '0');
INSERT INTO `check_code` VALUES ('b2289f3af9d346399be8575b6e2de4b1', '113.122.231.240, 34.102.148.37', null, '17695431447', '178394', '2019-12-18 19:44:59', '2019-12-18 19:49:59', '1', '2019-12-18 19:45:25', '0');
INSERT INTO `check_code` VALUES ('b251aca410e54fd7ae4fd05a1d9f5e65', '1.80.211.239', '879147876606', '13033275671', null, '2019-10-31 08:37:02', '2019-10-31 08:42:02', '1', '2019-10-31 08:37:34', '0');
INSERT INTO `check_code` VALUES ('b3eada40eedc4afba3226fd3c7e311b9', '114.124.172.157, 34.102.190.145', null, '08128189616', '418395', '2019-12-20 23:01:27', '2019-12-20 23:06:27', '0', null, '0');
INSERT INTO `check_code` VALUES ('b459da19f9344b8c9843c7797a8d738d', '35.201.205.154', '850532917515', '13261613821', null, '2019-09-20 22:19:46', '2019-09-20 22:24:46', '0', null, '0');
INSERT INTO `check_code` VALUES ('b5c255a91a164af581d46ce2c98d80e6', '220.249.162.184', '877904175176', '15659762547', null, '2019-10-29 14:26:44', '2019-10-29 14:31:44', '1', '2019-10-29 14:27:05', '0');
INSERT INTO `check_code` VALUES ('b9744e86a20e4a1db3261467d3be87b1', '219.152.31.226, 34.102.245.24', null, '17365277732', '609572', '2019-12-22 20:45:20', '2019-12-22 20:50:20', '1', '2019-12-22 20:45:47', '0');
INSERT INTO `check_code` VALUES ('bc5ef1bbfa494eca93bd3e899a44b9fc', '182.241.203.198', '889958867370', '13888741842', null, '2019-11-15 15:12:04', '2019-11-15 15:17:04', '1', '2019-11-15 15:12:25', '0');
INSERT INTO `check_code` VALUES ('bcfa215156cc4579ab59a271d6c67ba7', '61.147.221.7, 34.102.148.37', null, '17600206402', '968742', '2019-12-19 10:38:32', '2019-12-19 10:43:32', '1', '2019-12-19 10:39:08', '0');
INSERT INTO `check_code` VALUES ('be3735a5d9444858a68ed4fbfe8c25bc', '112.87.169.148', '871664547536', '15962126437', null, '2019-10-20 18:52:09', '2019-10-20 18:57:09', '1', '2019-10-20 18:52:27', '0');
INSERT INTO `check_code` VALUES ('c2b6817a94b845a99b38be79a7ea0c66', '124.160.217.83, 34.102.195.196', null, '17611254633', '037891', '2019-12-17 15:03:10', '2019-12-17 15:08:10', '1', '2019-12-17 15:03:24', '0');
INSERT INTO `check_code` VALUES ('c3236e531cd34e1c94bde707a49c2890', '183.31.65.76', '894513598511', '18026606887', null, '2019-11-22 01:38:41', '2019-11-22 01:43:41', '1', '2019-11-22 01:39:04', '0');
INSERT INTO `check_code` VALUES ('c32a3240bbb244ef8a64ae4d18bbc99f', '223.104.63.60, 34.102.224.177', null, '13413145513', '735840', '2019-12-22 15:36:52', '2019-12-22 15:41:52', '1', '2019-12-22 15:37:06', '0');
INSERT INTO `check_code` VALUES ('c3520796629548409fc3d4280611f2a1', '1.174.40.82', '866203768511', '13990027562', null, '2019-10-13 01:42:10', '2019-10-13 01:47:10', '0', null, '0');
INSERT INTO `check_code` VALUES ('c4e4390301f74759a580e6b65abfdc5e', '47.52.165.173, 34.102.233.131', null, '17736079939', '857012', '2019-12-08 00:19:37', '2019-12-08 00:24:37', '1', '2019-12-08 00:19:47', '0');
INSERT INTO `check_code` VALUES ('c522e38f9c184658b84feab7bcf3789b', '218.102.151.55, 34.102.148.37', null, '18037409677', '350741', '2019-12-18 09:21:40', '2019-12-18 09:26:40', '1', '2019-12-18 09:21:55', '0');
INSERT INTO `check_code` VALUES ('c83d1d2054714dc0a043e251ce41c751', '117.136.38.140', '874504602017', '13683066693', null, '2019-10-24 19:10:16', '2019-10-24 19:15:16', '0', null, '0');
INSERT INTO `check_code` VALUES ('c87f165e134344faa624c09f9637acf8', '1.80.169.151, 34.102.233.131', null, '17398095302', '154382', '2019-12-22 17:04:54', '2019-12-22 17:09:54', '1', '2019-12-22 17:05:15', '0');
INSERT INTO `check_code` VALUES ('c9746429ef06405ca4d656d15cddb293', '117.136.110.148, 34.102.190.145', null, '15172056730', '516239', '2019-12-23 23:06:02', '2019-12-23 23:11:02', '1', '2019-12-23 23:06:36', '0');
INSERT INTO `check_code` VALUES ('c9888c76ad00434cb04ec55ab19def77', '211.97.131.127, 34.102.201.23', null, '18750911800', '165789', '2019-12-20 11:24:45', '2019-12-20 11:29:45', '1', '2019-12-20 11:25:02', '0');
INSERT INTO `check_code` VALUES ('cab5eec5ffb942e0b3d3812b765c5977', '125.70.79.35', '843819194012', '17729833812', null, '2019-09-11 10:40:39', '2019-09-11 10:45:39', '1', '2019-09-11 10:41:03', '0');
INSERT INTO `check_code` VALUES ('cc5ab68a64674c258653c0ab0fca6bab', '114.242.249.179', '865929674957', '15538667388', null, '2019-10-12 16:24:33', '2019-10-12 16:29:33', '1', '2019-10-12 16:24:48', '0');
INSERT INTO `check_code` VALUES ('ce5d712bde774de6bf76606433e77c51', '113.88.44.214, 34.102.201.23', null, '18165769949', '239801', '2019-12-20 00:10:31', '2019-12-20 00:15:31', '1', '2019-12-20 00:10:52', '0');
INSERT INTO `check_code` VALUES ('ce992313fd1c4184986527da152c52b7', '117.132.198.247, 34.102.195.196', null, '18296099822', '978405', '2019-12-26 11:39:24', '2019-12-26 11:44:24', '0', null, '0');
INSERT INTO `check_code` VALUES ('cf0591ca8a3c45d8b53b04e19b0de9cb', '120.229.53.146', '879573049448', '18813980812', null, '2019-10-31 23:02:04', '2019-10-31 23:07:04', '0', null, '0');
INSERT INTO `check_code` VALUES ('d14fc02e48a64dc6841b56e616b0f125', '120.230.118.24, 34.102.201.23', null, '18902211173', '207531', '2019-12-22 20:41:55', '2019-12-22 20:46:55', '1', '2019-12-22 20:42:28', '0');
INSERT INTO `check_code` VALUES ('d29b9f07ff384f0abac8fd41c89b84a4', '113.100.97.179, 34.102.171.94', null, '17109324198', '468103', '2019-12-18 09:52:18', '2019-12-18 09:57:18', '1', '2019-12-18 09:52:56', '0');
INSERT INTO `check_code` VALUES ('d5f89d82076a40d0801ce6f7a0e24006', '114.242.250.163', '857437782190', '18611911123', null, '2019-09-30 16:27:45', '2019-09-30 16:32:45', '1', '2019-09-30 16:28:05', '0');
INSERT INTO `check_code` VALUES ('d6a39106d022411b9d3afc2316754d15', '182.239.115.132', '865931384367', '13701385854', null, '2019-10-12 16:28:01', '2019-10-12 16:33:01', '1', '2019-10-12 16:28:36', '0');
INSERT INTO `check_code` VALUES ('d96a6e9e0a124f42a80d6715d07eef15', '182.204.174.132, 34.102.190.145', null, '19965412404', '472015', '2019-12-20 18:12:31', '2019-12-20 18:17:31', '1', '2019-12-20 18:13:16', '0');
INSERT INTO `check_code` VALUES ('dead99f4cf96486d8775be7ee4c93445', '117.136.0.170', '851890886376', '18059811450', null, '2019-09-22 20:22:32', '2019-09-22 20:27:32', '0', null, '0');
INSERT INTO `check_code` VALUES ('dec4ba56a07d445d9a6bf3c7faf01fdc', '183.20.116.54, 34.102.190.145', null, '19928683746', '760819', '2019-12-17 17:53:42', '2019-12-17 17:58:42', '1', '2019-12-17 17:53:58', '0');
INSERT INTO `check_code` VALUES ('df3e9b84fa9f4089aa5609c60bff1adc', '221.220.158.180, 34.102.195.196', null, '13960276845', '957084', '2019-12-26 22:34:04', '2019-12-26 22:39:04', '0', null, '0');
INSERT INTO `check_code` VALUES ('e155174fcf4f4128a9d1fb25fac90e0d', '167.71.78.253', '860477088223', '13960536988', null, '2019-10-04 23:31:13', '2019-10-04 23:36:13', '1', '2019-10-04 23:31:41', '0');
INSERT INTO `check_code` VALUES ('e248baeb02ee493192700b07ca97d39d', '218.92.221.167, 34.102.201.23', null, '15148099100', '507286', '2019-12-18 12:15:29', '2019-12-18 12:20:29', '0', null, '0');
INSERT INTO `check_code` VALUES ('e371f85fa57541c793e826129d850ba7', '218.19.139.128', '897780732090', '18664169152', null, '2019-11-26 16:25:41', '2019-11-26 16:30:41', '1', '2019-11-26 16:25:54', '0');
INSERT INTO `check_code` VALUES ('e938c8d41b494999ad9fcf2249933fb3', '117.136.0.190', '848071308834', '13520523562', null, '2019-09-17 10:51:35', '2019-09-17 10:56:35', '0', null, '0');
INSERT INTO `check_code` VALUES ('ed3e15d1e28c4e65a21ca6cca9cea3d8', '36.27.71.83', '869630812594', '18621376072', null, '2019-10-17 21:54:32', '2019-10-17 21:59:32', '0', null, '0');
INSERT INTO `check_code` VALUES ('ee0a1ed6ff5b4ee4b9dcda5d4042bd01', '111.202.66.122', '848974452525', '18310076156', null, '2019-09-18 17:29:02', '2019-09-18 17:34:02', '1', '2019-09-18 17:29:32', '0');
INSERT INTO `check_code` VALUES ('ee49fc101f584e5cb6e764b4f8802884', '117.136.107.242, 34.102.190.145', null, '17109324121', '710253', '2019-12-18 13:21:07', '2019-12-18 13:26:07', '0', null, '0');
INSERT INTO `check_code` VALUES ('ef56040cbbaa4b2f8cac3b998e3b32c3', '117.136.38.62, 34.102.233.131', null, '15210426243', '546193', '2019-12-18 00:12:37', '2019-12-18 00:17:37', '1', '2019-12-18 00:12:52', '0');
INSERT INTO `check_code` VALUES ('efa72b219f504739a588437099566c68', '128.14.133.146', '893371013028', '18828056101', null, '2019-11-20 10:54:05', '2019-11-20 10:59:05', '1', '2019-11-20 10:54:29', '0');
INSERT INTO `check_code` VALUES ('f007fb659d464a849c5723528ca6f66e', '183.31.65.64', '854444299926', '13911055379', null, '2019-09-26 10:57:29', '2019-09-26 11:02:29', '1', '2019-09-26 10:58:18', '0');
INSERT INTO `check_code` VALUES ('f40b25984c734b0f8e9d8f32a64a002c', '36.98.124.102, 34.102.224.177', null, '16574488587', '827605', '2019-12-18 12:40:43', '2019-12-18 12:45:43', '0', null, '0');
INSERT INTO `check_code` VALUES ('f44a9754f7d84b258d0fe842d451b71e', '210.152.83.74, 34.102.148.37', null, '8526572451', '768941', '2019-12-18 13:24:07', '2019-12-18 13:29:07', '0', null, '0');
INSERT INTO `check_code` VALUES ('f518032f518b455c88dffc2e30c7d29f', '36.27.70.244, 34.102.233.131', null, '19137864723', '503168', '2019-12-13 15:00:22', '2019-12-13 15:05:22', '1', '2019-12-13 15:00:39', '0');
INSERT INTO `check_code` VALUES ('f668e5fecdb240978210e02e8396dac2', '113.5.3.154', '878633803867', '17611298729', null, '2019-10-30 15:11:09', '2019-10-30 15:16:09', '1', '2019-10-30 15:11:22', '0');
INSERT INTO `check_code` VALUES ('f6ea0f47f66144249d5f2e96a8b54363', '36.17.63.211', '868908458147', '15300400130', null, '2019-10-16 21:24:53', '2019-10-16 21:29:53', '1', '2019-10-16 21:25:20', '0');
INSERT INTO `check_code` VALUES ('f71f89fc4b9e46acbcf82e29594b682b', '47.52.106.227, 34.102.224.177', null, '18029666643', '027859', '2019-12-17 23:13:28', '2019-12-17 23:18:28', '1', '2019-12-17 23:13:45', '0');
INSERT INTO `check_code` VALUES ('f79fe36f46af4d199af3989dfe240261', '223.89.118.195, 34.102.171.94', null, '18866478840', '902476', '2019-12-18 13:40:28', '2019-12-18 13:45:28', '0', null, '0');
INSERT INTO `check_code` VALUES ('f7eb3afa2d0b4cf5b4aa74cdceba3df2', '36.17.56.250', '883751452837', '18403473601', null, '2019-11-06 20:43:03', '2019-11-06 20:48:03', '1', '2019-11-06 20:43:29', '0');
INSERT INTO `check_code` VALUES ('f9eb93ce61074c26999b16b5651ac736', '49.147.178.33, 34.102.245.24', null, '17191917443', '250694', '2019-12-18 00:04:16', '2019-12-18 00:09:16', '1', '2019-12-18 00:05:03', '0');
INSERT INTO `check_code` VALUES ('fc9eb0b09d5a4cbcbad987ce9af8cf95', '122.97.179.22, 34.102.171.94', null, '45874029', '306951', '2019-12-13 12:34:37', '2019-12-13 12:39:37', '0', null, '0');
INSERT INTO `check_code` VALUES ('fd9d9b1aee5e47fa8f779d2d82baea9b', '111.34.103.160, 34.102.195.196', null, '15634487197', '015479', '2019-12-21 23:34:27', '2019-12-21 23:39:27', '1', '2019-12-21 23:34:44', '0');

-- ----------------------------
-- Table structure for order
-- ----------------------------
DROP TABLE IF EXISTS `order`;
CREATE TABLE `order` (
  `id` bigint(20) NOT NULL AUTO_INCREMENT COMMENT '主键',
  `orderID` varchar(64) DEFAULT NULL COMMENT '订单ID',
  `userID` bigint(20) DEFAULT NULL COMMENT '用户ID',
  `pcID` bigint(20) DEFAULT NULL COMMENT '套餐ID',
  `money` decimal(10,0) DEFAULT NULL COMMENT '支付金额',
  `createTime` datetime DEFAULT NULL COMMENT '创建时间',
  `status` tinyint(2) DEFAULT NULL COMMENT '订单状态 0 支付中  1 支付完成',
  PRIMARY KEY (`id`)
) ENGINE=InnoDB AUTO_INCREMENT=270 DEFAULT CHARSET=utf8 COMMENT='订单表';

-- ----------------------------
-- Records of order
-- ----------------------------
INSERT INTO `order` VALUES ('1', '20190823180128133307', '8', '1', '50', '2019-08-23 18:01:28', '1');
INSERT INTO `order` VALUES ('2', '20190823180422440664', '3', '1', '50', '2019-08-23 18:04:22', '1');
INSERT INTO `order` VALUES ('3', '20190823182431335602', '8', '1', '50', '2019-08-23 18:24:31', '1');
INSERT INTO `order` VALUES ('4', '20190823182435554958', '3', '1', '50', '2019-08-23 18:24:36', '0');
INSERT INTO `order` VALUES ('5', '20190823182438978980', '3', '1', '50', '2019-08-23 18:24:39', '0');
INSERT INTO `order` VALUES ('6', '20190823182444018654', '3', '1', '50', '2019-08-23 18:24:44', '0');
INSERT INTO `order` VALUES ('7', '123456789', '12', '1', '50', '2019-08-31 16:12:15', '1');
INSERT INTO `order` VALUES ('8', '1234567890', '13', '1', '50', '2019-09-17 17:59:03', '1');
INSERT INTO `order` VALUES ('9', '20190917193746401887', '1', '1', '200', '2019-09-17 19:53:07', '0');
INSERT INTO `order` VALUES ('14', '20190918104619817253', '1', '1', '1', '2019-09-18 10:49:26', '0');
INSERT INTO `order` VALUES ('15', '123789456', '41', '1', '50', '2019-09-18 16:59:24', '1');
INSERT INTO `order` VALUES ('16', '6666666', '42', '1', '50', '2019-09-18 17:00:52', '1');
INSERT INTO `order` VALUES ('17', '99999999', '48', '1', '50', '2019-09-18 17:33:44', '1');
INSERT INTO `order` VALUES ('18', '99999998', '45', '1', '50', '2019-09-18 17:35:37', '1');
INSERT INTO `order` VALUES ('19', '99999997', '47', '4', '298', '2019-09-18 17:38:37', '1');
INSERT INTO `order` VALUES ('25', '20190918191559514961', '47', '1', '50', '2019-09-18 19:16:00', '0');
INSERT INTO `order` VALUES ('28', '20190918191602985644', '47', '1', '50', '2019-09-18 19:16:03', '0');
INSERT INTO `order` VALUES ('29', '20190918191603260869', '47', '1', '50', '2019-09-18 19:16:03', '0');
INSERT INTO `order` VALUES ('49', '20190918192909839402', '47', '4', '298', '2019-09-18 19:29:11', '0');
INSERT INTO `order` VALUES ('50', '20190918192911478503', '47', '4', '298', '2019-09-18 19:29:12', '0');
INSERT INTO `order` VALUES ('51', '20190918195422176676', '26', '2', '128', '2019-09-18 19:54:25', '0');
INSERT INTO `order` VALUES ('52', '20190918201342134785', '21', '1', '50', '2019-09-18 20:13:43', '0');
INSERT INTO `order` VALUES ('53', '20190918201400532300', '21', '1', '50', '2019-09-18 20:14:01', '0');
INSERT INTO `order` VALUES ('54', '20190918202602786232', '41', '1', '50', '2019-09-18 20:26:05', '0');
INSERT INTO `order` VALUES ('55', '20190918202606138598', '41', '1', '50', '2019-09-18 20:26:07', '0');
INSERT INTO `order` VALUES ('56', '20190918202709718644', '41', '1', '50', '2019-09-18 20:27:13', '0');
INSERT INTO `order` VALUES ('57', '20190918202713108158', '41', '1', '50', '2019-09-18 20:27:14', '0');
INSERT INTO `order` VALUES ('58', '20190918203901542193', '41', '1', '50', '2019-09-18 20:39:03', '0');
INSERT INTO `order` VALUES ('59', '20190918203940846157', '41', '4', '298', '2019-09-18 20:39:52', '0');
INSERT INTO `order` VALUES ('60', '20190919094726174296', '26', '1', '50', '2019-09-19 09:47:28', '0');
INSERT INTO `order` VALUES ('61', '20190919103829977351', '1', '1', '1', '2019-09-19 10:38:47', '0');
INSERT INTO `order` VALUES ('62', '20190919105349774252', '1', '1', '1', '2019-09-19 10:54:04', '0');
INSERT INTO `order` VALUES ('63', '20190919231922806036', '1', '1', '1', '2019-09-19 23:19:25', '0');
INSERT INTO `order` VALUES ('64', '20190920104454893123', '1', '1', '1', '2019-09-20 10:46:45', '0');
INSERT INTO `order` VALUES ('65', '20190920111829955352', '1', '1', '1', '2019-09-20 11:18:39', '0');
INSERT INTO `order` VALUES ('66', '20190920191930435755', '23', '1', '50', '2019-09-20 19:19:31', '0');
INSERT INTO `order` VALUES ('67', '20190920191934338168', '23', '1', '50', '2019-09-20 19:19:35', '0');
INSERT INTO `order` VALUES ('68', '20190920191936164922', '23', '1', '50', '2019-09-20 19:19:37', '0');
INSERT INTO `order` VALUES ('69', '20190920191936747740', '23', '1', '50', '2019-09-20 19:19:37', '0');
INSERT INTO `order` VALUES ('70', '20190920191937687183', '23', '1', '50', '2019-09-20 19:19:37', '0');
INSERT INTO `order` VALUES ('71', '20190920191937838067', '23', '1', '50', '2019-09-20 19:19:38', '0');
INSERT INTO `order` VALUES ('72', '20190920191945561100', '23', '1', '50', '2019-09-20 19:19:46', '0');
INSERT INTO `order` VALUES ('73', '20190920191946674910', '23', '1', '50', '2019-09-20 19:19:47', '0');
INSERT INTO `order` VALUES ('74', '20190920191946175796', '23', '1', '50', '2019-09-20 19:19:47', '0');
INSERT INTO `order` VALUES ('75', '20190920191948852704', '23', '1', '50', '2019-09-20 19:19:49', '0');
INSERT INTO `order` VALUES ('76', '20190920191948831705', '23', '1', '50', '2019-09-20 19:19:49', '0');
INSERT INTO `order` VALUES ('77', '20190920191949890187', '23', '1', '50', '2019-09-20 19:19:50', '0');
INSERT INTO `order` VALUES ('78', '20190920192000856112', '23', '1', '50', '2019-09-20 19:20:00', '0');
INSERT INTO `order` VALUES ('79', '20190920192000572876', '23', '1', '50', '2019-09-20 19:20:01', '0');
INSERT INTO `order` VALUES ('80', '20190920192001372962', '23', '1', '50', '2019-09-20 19:20:01', '0');
INSERT INTO `order` VALUES ('81', '20190920192001229518', '23', '1', '50', '2019-09-20 19:20:02', '0');
INSERT INTO `order` VALUES ('82', '20190920192001502359', '23', '1', '50', '2019-09-20 19:20:02', '0');
INSERT INTO `order` VALUES ('83', '20190920192002940442', '23', '1', '50', '2019-09-20 19:20:03', '0');
INSERT INTO `order` VALUES ('84', '20190920192002417379', '23', '1', '50', '2019-09-20 19:20:03', '0');
INSERT INTO `order` VALUES ('85', '20190920192003832063', '23', '1', '50', '2019-09-20 19:20:04', '0');
INSERT INTO `order` VALUES ('86', '20190920192003560553', '23', '1', '50', '2019-09-20 19:20:04', '0');
INSERT INTO `order` VALUES ('87', '20190920192004521383', '23', '1', '50', '2019-09-20 19:20:04', '0');
INSERT INTO `order` VALUES ('88', '20190920192004438063', '23', '1', '50', '2019-09-20 19:20:05', '0');
INSERT INTO `order` VALUES ('89', '20190920192004733260', '23', '1', '50', '2019-09-20 19:20:05', '0');
INSERT INTO `order` VALUES ('90', '20190920192005491665', '23', '1', '50', '2019-09-20 19:20:06', '0');
INSERT INTO `order` VALUES ('91', '20190920192005682526', '23', '1', '50', '2019-09-20 19:20:06', '0');
INSERT INTO `order` VALUES ('92', '20190920192031371267', '23', '2', '128', '2019-09-20 19:20:31', '0');
INSERT INTO `order` VALUES ('93', '20190920192031446700', '23', '2', '128', '2019-09-20 19:20:32', '0');
INSERT INTO `order` VALUES ('94', '20190920192031152259', '23', '2', '128', '2019-09-20 19:20:32', '0');
INSERT INTO `order` VALUES ('95', '20190920192032714219', '23', '2', '128', '2019-09-20 19:20:33', '0');
INSERT INTO `order` VALUES ('96', '20190920192032461114', '23', '2', '128', '2019-09-20 19:20:33', '0');
INSERT INTO `order` VALUES ('97', '20190920192035139010', '23', '2', '128', '2019-09-20 19:20:35', '0');
INSERT INTO `order` VALUES ('98', '20190920192036296077', '23', '2', '128', '2019-09-20 19:20:36', '0');
INSERT INTO `order` VALUES ('99', '20190920192036654837', '23', '2', '128', '2019-09-20 19:20:37', '0');
INSERT INTO `order` VALUES ('100', '20190920192036506542', '23', '2', '128', '2019-09-20 19:20:37', '0');
INSERT INTO `order` VALUES ('101', '20190920192037367601', '23', '2', '128', '2019-09-20 19:20:38', '0');
INSERT INTO `order` VALUES ('102', '20190920192037488198', '23', '2', '128', '2019-09-20 19:20:38', '0');
INSERT INTO `order` VALUES ('103', '20190920192038344496', '23', '2', '128', '2019-09-20 19:20:38', '0');
INSERT INTO `order` VALUES ('104', '20190920192038536852', '23', '2', '128', '2019-09-20 19:20:39', '0');
INSERT INTO `order` VALUES ('105', '20190920192038707779', '23', '2', '128', '2019-09-20 19:20:39', '0');
INSERT INTO `order` VALUES ('106', '20190920192039734399', '23', '2', '128', '2019-09-20 19:20:40', '0');
INSERT INTO `order` VALUES ('107', '20190920192039447995', '23', '2', '128', '2019-09-20 19:20:40', '0');
INSERT INTO `order` VALUES ('108', '20190920192040675878', '23', '2', '128', '2019-09-20 19:20:41', '0');
INSERT INTO `order` VALUES ('109', '20190920192040810465', '23', '2', '128', '2019-09-20 19:20:41', '0');
INSERT INTO `order` VALUES ('110', '20190920192041669961', '23', '2', '128', '2019-09-20 19:20:41', '0');
INSERT INTO `order` VALUES ('111', '20190920192041142136', '23', '2', '128', '2019-09-20 19:20:42', '0');
INSERT INTO `order` VALUES ('112', '20190920192041663985', '23', '2', '128', '2019-09-20 19:20:42', '0');
INSERT INTO `order` VALUES ('113', '20190920192042559465', '23', '2', '128', '2019-09-20 19:20:43', '0');
INSERT INTO `order` VALUES ('114', '20190920192042225302', '23', '2', '128', '2019-09-20 19:20:43', '0');
INSERT INTO `order` VALUES ('115', '20190920192043200861', '23', '2', '128', '2019-09-20 19:20:43', '0');
INSERT INTO `order` VALUES ('116', '20190920192043834626', '23', '2', '128', '2019-09-20 19:20:44', '0');
INSERT INTO `order` VALUES ('117', '20190920192044792550', '23', '2', '128', '2019-09-20 19:20:44', '0');
INSERT INTO `order` VALUES ('118', '20190920192044364890', '23', '2', '128', '2019-09-20 19:20:45', '0');
INSERT INTO `order` VALUES ('119', '20190920192044744739', '23', '2', '128', '2019-09-20 19:20:45', '0');
INSERT INTO `order` VALUES ('120', '20190920192045149336', '23', '2', '128', '2019-09-20 19:20:46', '0');
INSERT INTO `order` VALUES ('121', '20190920192045256134', '23', '2', '128', '2019-09-20 19:20:46', '0');
INSERT INTO `order` VALUES ('122', '20190920192046506142', '23', '2', '128', '2019-09-20 19:20:46', '0');
INSERT INTO `order` VALUES ('123', '20190920192046740210', '23', '2', '128', '2019-09-20 19:20:47', '0');
INSERT INTO `order` VALUES ('124', '20190920192046779822', '23', '2', '128', '2019-09-20 19:20:47', '0');
INSERT INTO `order` VALUES ('125', '20190920192047330558', '23', '2', '128', '2019-09-20 19:20:47', '0');
INSERT INTO `order` VALUES ('126', '20190920192047861640', '23', '2', '128', '2019-09-20 19:20:48', '0');
INSERT INTO `order` VALUES ('127', '20190920192048303774', '23', '2', '128', '2019-09-20 19:20:48', '0');
INSERT INTO `order` VALUES ('128', '20190920211928624898', '23', '1', '50', '2019-09-20 21:19:29', '0');
INSERT INTO `order` VALUES ('129', '20190920211936429121', '23', '1', '50', '2019-09-20 21:19:37', '0');
INSERT INTO `order` VALUES ('130', '20190920212025247727', '23', '1', '50', '2019-09-20 21:20:26', '0');
INSERT INTO `order` VALUES ('131', '20190920212026589013', '23', '1', '50', '2019-09-20 21:20:26', '0');
INSERT INTO `order` VALUES ('132', '20190920212026180817', '23', '1', '50', '2019-09-20 21:20:27', '0');
INSERT INTO `order` VALUES ('133', '20190920212026426454', '23', '1', '50', '2019-09-20 21:20:27', '0');
INSERT INTO `order` VALUES ('134', '20190920212027366085', '23', '1', '50', '2019-09-20 21:20:28', '0');
INSERT INTO `order` VALUES ('135', '20190920212259420872', '23', '1', '50', '2019-09-20 21:23:00', '0');
INSERT INTO `order` VALUES ('136', '20190920212300517300', '23', '1', '50', '2019-09-20 21:23:00', '0');
INSERT INTO `order` VALUES ('137', '20190920212300686230', '23', '1', '50', '2019-09-20 21:23:01', '0');
INSERT INTO `order` VALUES ('138', '20190920212301725912', '23', '1', '50', '2019-09-20 21:23:01', '0');
INSERT INTO `order` VALUES ('139', '20190920212301988729', '23', '1', '50', '2019-09-20 21:23:02', '0');
INSERT INTO `order` VALUES ('140', '20190920212807637815', '52', '1', '50', '2019-09-20 21:28:08', '0');
INSERT INTO `order` VALUES ('141', '20190920212808700807', '52', '1', '50', '2019-09-20 21:28:09', '0');
INSERT INTO `order` VALUES ('142', '20190920213118116847', '52', '1', '50', '2019-09-20 21:31:19', '0');
INSERT INTO `order` VALUES ('143', '20190920213731259588', '26', '1', '200', '2019-09-20 21:37:35', '0');
INSERT INTO `order` VALUES ('144', '20190920213824878969', '26', '1', '200', '2019-09-20 21:38:25', '0');
INSERT INTO `order` VALUES ('145', '20190920221520890147', '26', '1', '200', '2019-09-20 22:15:22', '0');
INSERT INTO `order` VALUES ('146', '20190920222611189870', '52', '1', '50', '2019-09-20 22:26:11', '0');
INSERT INTO `order` VALUES ('147', '20190920222611303139', '52', '1', '50', '2019-09-20 22:26:12', '0');
INSERT INTO `order` VALUES ('148', '20190920222612375014', '52', '1', '50', '2019-09-20 22:26:13', '0');
INSERT INTO `order` VALUES ('149', '20190920222654894696', '52', '1', '50', '2019-09-20 22:26:55', '0');
INSERT INTO `order` VALUES ('150', '20190920222732815438', '52', '1', '50', '2019-09-20 22:27:34', '0');
INSERT INTO `order` VALUES ('151', '20190920222733860189', '52', '1', '50', '2019-09-20 22:27:34', '0');
INSERT INTO `order` VALUES ('152', '20190920222736337107', '23', '1', '50', '2019-09-20 22:27:37', '0');
INSERT INTO `order` VALUES ('153', '20190920222907670586', '52', '1', '50', '2019-09-20 22:29:08', '0');
INSERT INTO `order` VALUES ('154', '20190920223338979987', '52', '1', '50', '2019-09-20 22:33:39', '0');
INSERT INTO `order` VALUES ('155', '20190920223401857822', '52', '1', '50', '2019-09-20 22:34:02', '0');
INSERT INTO `order` VALUES ('156', '20190920231911133513', '23', '1', '50', '2019-09-20 23:19:12', '0');
INSERT INTO `order` VALUES ('157', '20190921000900309348', '23', '1', '50', '2019-09-21 00:09:01', '0');
INSERT INTO `order` VALUES ('158', '20190921111753626820', '55', '1', '50', '2019-09-21 11:17:54', '0');
INSERT INTO `order` VALUES ('159', '20190921111850940225', '55', '1', '50', '2019-09-21 11:18:51', '0');
INSERT INTO `order` VALUES ('160', '20190921112256549623', '55', '1', '50', '2019-09-21 11:22:57', '0');
INSERT INTO `order` VALUES ('161', '20190921112426805512', '55', '1', '50', '2019-09-21 11:24:26', '0');
INSERT INTO `order` VALUES ('162', '20190921120001532364', '55', '1', '50', '2019-09-21 12:00:02', '0');
INSERT INTO `order` VALUES ('163', '20190921120220734578', '55', '1', '50', '2019-09-21 12:02:21', '0');
INSERT INTO `order` VALUES ('164', '20190921120423253204', '55', '1', '50', '2019-09-21 12:04:23', '0');
INSERT INTO `order` VALUES ('165', '20190921121506473447', '55', '1', '50', '2019-09-21 12:15:07', '0');
INSERT INTO `order` VALUES ('166', '20190921121515368041', '55', '1', '50', '2019-09-21 12:15:16', '0');
INSERT INTO `order` VALUES ('167', '20190921121531775095', '55', '1', '50', '2019-09-21 12:15:32', '0');
INSERT INTO `order` VALUES ('168', '20190921145150121646', '55', '1', '50', '2019-09-21 14:51:51', '0');
INSERT INTO `order` VALUES ('169', '20190922163936361489', '23', '1', '50', '2019-09-22 16:39:37', '0');
INSERT INTO `order` VALUES ('170', '20190922165954827563', '55', '1', '50', '2019-09-22 16:59:56', '1');
INSERT INTO `order` VALUES ('171', '20190922195807316465', '23', '1', '50', '2019-09-22 19:58:08', '0');
INSERT INTO `order` VALUES ('172', '20190922195808472319', '23', '1', '50', '2019-09-22 19:58:08', '0');
INSERT INTO `order` VALUES ('173', '20190922195831231808', '21', '1', '50', '2019-09-22 19:58:32', '0');
INSERT INTO `order` VALUES ('174', '20190922195907168329', '21', '1', '50', '2019-09-22 19:59:08', '0');
INSERT INTO `order` VALUES ('175', '20190922200116736455', '55', '1', '50', '2019-09-22 20:01:17', '0');
INSERT INTO `order` VALUES ('176', '20190922200323909492', '23', '1', '50', '2019-09-22 20:03:24', '0');
INSERT INTO `order` VALUES ('177', '20190922200402397927', '55', '1', '50', '2019-09-22 20:04:03', '0');
INSERT INTO `order` VALUES ('178', '20190922200921942278', '1', '1', '10', '2019-09-22 20:09:21', '0');
INSERT INTO `order` VALUES ('179', '20190922201010621262', '1', '1', '1', '2019-09-22 20:10:09', '0');
INSERT INTO `order` VALUES ('180', '20190922204215197134', '55', '1', '50', '2019-09-22 20:42:16', '0');
INSERT INTO `order` VALUES ('181', '20190922205418281656', '1', '1', '1', '2019-09-22 20:54:19', '0');
INSERT INTO `order` VALUES ('182', '20190922211814726985', '55', '1', '50', '2019-09-22 21:18:15', '0');
INSERT INTO `order` VALUES ('183', '20190922211815983023', '55', '1', '50', '2019-09-22 21:18:16', '0');
INSERT INTO `order` VALUES ('184', '20190922211834240785', '55', '1', '50', '2019-09-22 21:18:35', '0');
INSERT INTO `order` VALUES ('185', '20190922212006131619', '55', '1', '50', '2019-09-22 21:20:07', '0');
INSERT INTO `order` VALUES ('186', '20190922212050535489', '55', '1', '50', '2019-09-22 21:20:51', '0');
INSERT INTO `order` VALUES ('187', '20190922212136250297', '55', '1', '50', '2019-09-22 21:21:37', '1');
INSERT INTO `order` VALUES ('188', '20190922212924463918', '55', '1', '50', '2019-09-22 21:29:25', '0');
INSERT INTO `order` VALUES ('189', '20190922214712198798', '55', '1', '50', '2019-09-22 21:47:13', '1');
INSERT INTO `order` VALUES ('190', '20190922214720389303', '55', '1', '50', '2019-09-22 21:47:21', '0');
INSERT INTO `order` VALUES ('191', '20190922214722598005', '55', '1', '50', '2019-09-22 21:47:23', '0');
INSERT INTO `order` VALUES ('192', '20190922214723582738', '55', '1', '50', '2019-09-22 21:47:23', '0');
INSERT INTO `order` VALUES ('193', '20190922214758376554', '55', '1', '50', '2019-09-22 21:47:59', '0');
INSERT INTO `order` VALUES ('194', '20190922214802497708', '55', '1', '50', '2019-09-22 21:48:03', '0');
INSERT INTO `order` VALUES ('195', '20190922221214475952', '55', '1', '50', '2019-09-22 22:12:16', '0');
INSERT INTO `order` VALUES ('196', '20190922221645263986', '55', '1', '50', '2019-09-22 22:16:46', '0');
INSERT INTO `order` VALUES ('197', '20190922232743447432', '23', '1', '50', '2019-09-22 23:27:44', '0');
INSERT INTO `order` VALUES ('198', '20190922233514869715', '55', '1', '50', '2019-09-22 23:35:16', '0');
INSERT INTO `order` VALUES ('199', '20190922234057834522', '55', '1', '50', '2019-09-22 23:40:58', '0');
INSERT INTO `order` VALUES ('200', '20190922235521222669', '55', '1', '50', '2019-09-22 23:55:22', '0');
INSERT INTO `order` VALUES ('201', '20190923105546474464', '44', '1', '50', '2019-09-23 10:55:47', '0');
INSERT INTO `order` VALUES ('202', '20190923135648966493', '52', '4', '298', '2019-09-23 13:56:49', '0');
INSERT INTO `order` VALUES ('203', '20190923135717662055', '1', '1', '1', '2019-09-23 13:57:17', '0');
INSERT INTO `order` VALUES ('204', '20190923162031356626', '55', '1', '50', '2019-09-23 16:20:32', '0');
INSERT INTO `order` VALUES ('205', '20190923171005157827', '55', '1', '50', '2019-09-23 17:10:06', '0');
INSERT INTO `order` VALUES ('206', '20190923171954120211', '52', '1', '50', '2019-09-23 17:19:55', '0');
INSERT INTO `order` VALUES ('207', '20190923172003949031', '52', '1', '50', '2019-09-23 17:20:04', '0');
INSERT INTO `order` VALUES ('208', '20190923172011906902', '52', '1', '50', '2019-09-23 17:20:12', '0');
INSERT INTO `order` VALUES ('209', '20190923172020682517', '52', '1', '50', '2019-09-23 17:20:20', '0');
INSERT INTO `order` VALUES ('210', '20190923172046990328', '23', '1', '50', '2019-09-23 17:20:47', '0');
INSERT INTO `order` VALUES ('211', '20190923172103491865', '23', '1', '50', '2019-09-23 17:21:03', '0');
INSERT INTO `order` VALUES ('212', '20190923172323661372', '23', '1', '50', '2019-09-23 17:23:24', '0');
INSERT INTO `order` VALUES ('213', '20190923172332872519', '23', '1', '50', '2019-09-23 17:23:32', '0');
INSERT INTO `order` VALUES ('214', '20190923172337922267', '23', '1', '50', '2019-09-23 17:23:38', '0');
INSERT INTO `order` VALUES ('215', '20190923172342754749', '23', '1', '50', '2019-09-23 17:23:43', '0');
INSERT INTO `order` VALUES ('216', '20190923172355286498', '23', '1', '50', '2019-09-23 17:23:56', '0');
INSERT INTO `order` VALUES ('217', '20190923172403406138', '52', '1', '50', '2019-09-23 17:24:04', '0');
INSERT INTO `order` VALUES ('218', '20190923172436430735', '52', '1', '50', '2019-09-23 17:24:37', '0');
INSERT INTO `order` VALUES ('219', '20190923172451793546', '52', '1', '50', '2019-09-23 17:24:52', '0');
INSERT INTO `order` VALUES ('220', '20190923173750276154', '55', '1', '50', '2019-09-23 17:37:52', '0');
INSERT INTO `order` VALUES ('221', '20190923181341543330', '55', '1', '50', '2019-09-23 18:13:42', '0');
INSERT INTO `order` VALUES ('222', '20190923181521945124', '55', '1', '50', '2019-09-23 18:15:21', '0');
INSERT INTO `order` VALUES ('223', '20190923181848327604', '23', '1', '50', '2019-09-23 18:18:48', '0');
INSERT INTO `order` VALUES ('224', '20190923181854256954', '23', '1', '50', '2019-09-23 18:18:55', '0');
INSERT INTO `order` VALUES ('225', '20190923181902153860', '23', '1', '50', '2019-09-23 18:19:03', '0');
INSERT INTO `order` VALUES ('226', '20190923193830125910', '23', '1', '50', '2019-09-23 19:38:31', '0');
INSERT INTO `order` VALUES ('227', '20190923193837105898', '23', '1', '50', '2019-09-23 19:38:38', '0');
INSERT INTO `order` VALUES ('228', '20190923193842983785', '23', '1', '50', '2019-09-23 19:38:43', '0');
INSERT INTO `order` VALUES ('229', '20190923195015563882', '43', '1', '50', '2019-09-23 19:50:17', '0');
INSERT INTO `order` VALUES ('230', '20190923201724794555', '43', '1', '50', '2019-09-23 20:17:24', '0');
INSERT INTO `order` VALUES ('231', '20190924154633521532', '52', '1', '50', '2019-09-24 15:46:34', '0');
INSERT INTO `order` VALUES ('232', '20190924154651492981', '52', '1', '50', '2019-09-24 15:46:52', '0');
INSERT INTO `order` VALUES ('233', '20190924154757638766', '52', '1', '50', '2019-09-24 15:47:58', '0');
INSERT INTO `order` VALUES ('234', '20190926195509746100', '44', '1', '50', '2019-09-26 19:55:10', '0');
INSERT INTO `order` VALUES ('235', '20190926204358293836', '1', '1', '1', '2019-09-26 20:44:24', '0');
INSERT INTO `order` VALUES ('236', '20190926235111469088', '23', '1', '50', '2019-09-26 23:51:12', '0');
INSERT INTO `order` VALUES ('237', '20190926235120350127', '23', '1', '50', '2019-09-26 23:51:20', '0');
INSERT INTO `order` VALUES ('238', '20190926235124401296', '23', '1', '50', '2019-09-26 23:51:25', '0');
INSERT INTO `order` VALUES ('239', '20190927110209102494', '23', '1', '50', '2019-09-27 11:02:09', '0');
INSERT INTO `order` VALUES ('240', '20190929144103581134', '1', '1', '300', '2019-09-29 14:41:07', '0');
INSERT INTO `order` VALUES ('241', '20190929144255780682', '23', '1', '50', '2019-09-29 14:42:56', '0');
INSERT INTO `order` VALUES ('242', '20190929144317853800', '23', '1', '50', '2019-09-29 14:43:17', '0');
INSERT INTO `order` VALUES ('243', '20190929151816377666', '1', '1', '11', '2019-09-29 15:18:21', '0');
INSERT INTO `order` VALUES ('244', '20190929152304894851', '1', '1', '11', '2019-09-29 15:23:06', '0');
INSERT INTO `order` VALUES ('245', '20190929152403306808', '1', '1', '11', '2019-09-29 15:24:03', '0');
INSERT INTO `order` VALUES ('246', '20190929152808779193', '1', '1', '11', '2019-09-29 15:28:09', '0');
INSERT INTO `order` VALUES ('247', '20190929162202633505', '1', '1', '200', '2019-09-29 16:22:08', '0');
INSERT INTO `order` VALUES ('248', '20190929162346294176', '55', '4', '298', '2019-09-29 16:23:47', '0');
INSERT INTO `order` VALUES ('249', '20190929172429642501', '23', '1', '50', '2019-09-29 17:24:31', '0');
INSERT INTO `order` VALUES ('250', '20190929172439485790', '23', '1', '50', '2019-09-29 17:24:39', '0');
INSERT INTO `order` VALUES ('251', '20190929180023614738', '23', '1', '50', '2019-09-29 18:00:23', '0');
INSERT INTO `order` VALUES ('252', '20190929180121123240', '23', '1', '50', '2019-09-29 18:01:22', '0');
INSERT INTO `order` VALUES ('253', '20190929180347864638', '23', '1', '50', '2019-09-29 18:03:48', '0');
INSERT INTO `order` VALUES ('254', '20190929180355646837', '23', '1', '50', '2019-09-29 18:03:56', '0');
INSERT INTO `order` VALUES ('255', '20190929180403978412', '23', '1', '50', '2019-09-29 18:04:03', '0');
INSERT INTO `order` VALUES ('256', '20190929180413875955', '23', '1', '50', '2019-09-29 18:04:14', '0');
INSERT INTO `order` VALUES ('257', '20190929183743377914', '23', '1', '50', '2019-09-29 18:37:44', '0');
INSERT INTO `order` VALUES ('258', '20190929183811572948', '21', '1', '50', '2019-09-29 18:38:12', '0');
INSERT INTO `order` VALUES ('259', '20190929183822523997', '55', '1', '50', '2019-09-29 18:38:23', '0');
INSERT INTO `order` VALUES ('260', '20190930101719878994', '23', '1', '50', '2019-09-30 10:17:20', '0');
INSERT INTO `order` VALUES ('261', '20190930112047879578', '55', '1', '50', '2019-09-30 11:20:47', '0');
INSERT INTO `order` VALUES ('262', '20190930143702335280', '55', '1', '50', '2019-09-30 14:37:04', '1');
INSERT INTO `order` VALUES ('263', '20190930162718262689', '23', '1', '50', '2019-09-30 16:27:19', '0');
INSERT INTO `order` VALUES ('264', null, null, null, '500', '2019-10-08 10:16:49', '0');
INSERT INTO `order` VALUES ('265', '20191012162904783739', '64', '4', '298', '2019-10-12 16:29:06', '0');
INSERT INTO `order` VALUES ('266', '20191120111428676303', '23', '1', '50', '2019-11-20 11:14:30', '0');
INSERT INTO `order` VALUES ('267', '20191120113911526271', '45', '1', '50', '2019-11-20 11:39:13', '0');
INSERT INTO `order` VALUES ('268', '20191120113918663466', '45', '1', '50', '2019-11-20 11:39:20', '0');
INSERT INTO `order` VALUES ('269', '20191120113925350635', '45', '1', '50', '2019-11-20 11:39:26', '0');

-- ----------------------------
-- Table structure for priceconfig
-- ----------------------------
DROP TABLE IF EXISTS `priceconfig`;
CREATE TABLE `priceconfig` (
  `id` bigint(20) NOT NULL AUTO_INCREMENT COMMENT '主键',
  `name` varchar(255) DEFAULT NULL COMMENT '套餐名称',
  `time` int(255) DEFAULT NULL COMMENT '时长',
  `type` tinyint(2) DEFAULT NULL COMMENT ' 套餐类型 1 一个月  2 三个月  3 半年  4 一年',
  `price` decimal(10,0) DEFAULT NULL COMMENT '价格',
  `status` tinyint(2) DEFAULT NULL COMMENT '是否启用 0 未启用  1 启用',
  PRIMARY KEY (`id`)
) ENGINE=InnoDB AUTO_INCREMENT=5 DEFAULT CHARSET=utf8 COMMENT='套餐价格配置';

-- ----------------------------
-- Records of priceconfig
-- ----------------------------
INSERT INTO `priceconfig` VALUES ('1', '月套餐', '30', '1', '50', '1');
INSERT INTO `priceconfig` VALUES ('2', '季套餐', '90', '2', '128', '1');
INSERT INTO `priceconfig` VALUES ('3', '半年套餐', '180', '3', '218', '1');
INSERT INTO `priceconfig` VALUES ('4', '年套餐', '365', '4', '298', '1');

-- ----------------------------
-- Table structure for recomuserlog
-- ----------------------------
DROP TABLE IF EXISTS `recomuserlog`;
CREATE TABLE `recomuserlog` (
  `id` bigint(20) NOT NULL AUTO_INCREMENT COMMENT '主键',
  `recomID` bigint(20) DEFAULT NULL COMMENT '被推荐人ID',
  `pid` bigint(20) DEFAULT NULL COMMENT '推荐人ID',
  `phone` varchar(255) DEFAULT NULL COMMENT '被推荐人手机号',
  `nickName` varchar(255) DEFAULT NULL COMMENT '昵称',
  `days` int(11) DEFAULT NULL COMMENT '增长天数',
  `createTime` datetime DEFAULT NULL COMMENT '创建时间',
  `type` int(11) DEFAULT NULL COMMENT '类型  1  注册  2  消费',
  PRIMARY KEY (`id`)
) ENGINE=InnoDB AUTO_INCREMENT=15 DEFAULT CHARSET=utf8 COMMENT='推荐记录表';

-- ----------------------------
-- Records of recomuserlog
-- ----------------------------
INSERT INTO `recomuserlog` VALUES ('1', '48', '45', '18311112222', '你猜啥', '5', '2019-09-18 20:00:48', '2');
INSERT INTO `recomuserlog` VALUES ('2', '48', '45', '18311112222', '你猜啥', '5', '2019-09-18 20:04:33', '2');
INSERT INTO `recomuserlog` VALUES ('5', '55', '52', '18510961500', null, '1', '2019-09-20 17:59:58', '1');
INSERT INTO `recomuserlog` VALUES ('6', '56', '44', '18810595122', null, '1', '2019-09-20 19:30:15', '1');
INSERT INTO `recomuserlog` VALUES ('7', '57', '55', '18059811450', null, '1', '2019-09-21 11:10:41', '1');
INSERT INTO `recomuserlog` VALUES ('8', '67', '66', '15811346079', null, '1', '2019-10-14 16:25:39', '1');
INSERT INTO `recomuserlog` VALUES ('9', '68', '66', '13910712105', null, '1', '2019-10-14 19:18:15', '1');
INSERT INTO `recomuserlog` VALUES ('10', '94', '93', '18866478549', null, '1', '2019-11-05 12:29:23', '1');
INSERT INTO `recomuserlog` VALUES ('11', '98', '93', '18866478984', null, '1', '2019-11-07 21:32:52', '1');
INSERT INTO `recomuserlog` VALUES ('12', '100', '59', '15901040790', null, '1', '2019-11-14 23:02:15', '1');
INSERT INTO `recomuserlog` VALUES ('13', '110', '109', '17109324204', null, '1', '2019-11-27 20:59:08', '1');
INSERT INTO `recomuserlog` VALUES ('14', '144', '143', '15906222043', null, '1', '2019-12-19 10:42:41', '1');

-- ----------------------------
-- Table structure for redeemcodeuser_log
-- ----------------------------
DROP TABLE IF EXISTS `redeemcodeuser_log`;
CREATE TABLE `redeemcodeuser_log` (
  `id` bigint(20) NOT NULL AUTO_INCREMENT COMMENT '主键',
  `userID` bigint(20) DEFAULT NULL COMMENT '对应用户ID',
  `redeemCode` varchar(255) DEFAULT NULL COMMENT '兑换码',
  `useTime` datetime DEFAULT NULL COMMENT '兑换码使用时间',
  PRIMARY KEY (`id`)
) ENGINE=InnoDB AUTO_INCREMENT=2 DEFAULT CHARSET=utf8 COMMENT='兑换码使用记录表';

-- ----------------------------
-- Records of redeemcodeuser_log
-- ----------------------------
INSERT INTO `redeemcodeuser_log` VALUES ('1', '8', '3C898609B24D4227A528C742D9B641EE', '2019-08-27 17:42:21');

-- ----------------------------
-- Table structure for redeem_code
-- ----------------------------
DROP TABLE IF EXISTS `redeem_code`;
CREATE TABLE `redeem_code` (
  `id` bigint(20) NOT NULL AUTO_INCREMENT COMMENT '主键',
  `code` varchar(255) DEFAULT NULL COMMENT '兑换码',
  `expireDate` datetime DEFAULT NULL COMMENT '过期时间',
  `isUsed` tinyint(2) DEFAULT NULL COMMENT '是否被使用',
  `type` tinyint(2) NOT NULL COMMENT '类型  1   10天  2  15 天  3  30 天',
  PRIMARY KEY (`id`)
) ENGINE=InnoDB AUTO_INCREMENT=4 DEFAULT CHARSET=utf8 COMMENT='兑换码表';

-- ----------------------------
-- Records of redeem_code
-- ----------------------------
INSERT INTO `redeem_code` VALUES ('1', '3C898609B24D4227A528C742D9B641EE', '2019-10-26 17:41:41', '1', '1');
INSERT INTO `redeem_code` VALUES ('2', 'CCA3452074DB4CEEAD2359FCA6C41802', '2019-10-26 17:41:41', '0', '1');
INSERT INTO `redeem_code` VALUES ('3', 'E44A1D0490344307B414FD202047116D', '2019-11-09 20:08:46', '0', '1');

-- ----------------------------
-- Table structure for user
-- ----------------------------
DROP TABLE IF EXISTS `user`;
CREATE TABLE `user` (
  `id` bigint(20) NOT NULL AUTO_INCREMENT COMMENT '主键',
  `phone` varchar(32) DEFAULT NULL COMMENT '手机号',
  `password` varchar(64) DEFAULT NULL COMMENT '密码',
  `nickName` varchar(255) DEFAULT NULL COMMENT '昵称',
  `imageUrl` varchar(255) DEFAULT NULL COMMENT '头像',
  `driveCode` varchar(255) DEFAULT NULL COMMENT ' 设备号',
  `isVip` int(20) DEFAULT NULL COMMENT '0 普通用户  关联套餐表的ID',
  `expiredDate` datetime DEFAULT NULL COMMENT '过期时间',
  `status` tinyint(2) DEFAULT '0' COMMENT '状态  0  正常  1 删除',
  `createTime` datetime DEFAULT CURRENT_TIMESTAMP COMMENT '创建时间',
  `askCode` varchar(255) DEFAULT NULL COMMENT '邀请码',
  `pid` int(11) DEFAULT NULL COMMENT '父ID',
  `channel` varchar(255) DEFAULT 'ln' COMMENT '渠道号',
  PRIMARY KEY (`id`)
) ENGINE=InnoDB AUTO_INCREMENT=182 DEFAULT CHARSET=utf8 COMMENT='用户信息表';

-- ----------------------------
-- Records of user
-- ----------------------------
INSERT INTO `user` VALUES ('20', '18910255355', 'f6c534ad4ab191ab6732082bd50dca66', null, null, null, '0', null, '0', '2019-09-10 13:04:39', null, null, '0');
INSERT INTO `user` VALUES ('21', '13024777513', 'e10adc3949ba59abbe56e057f20f883e', '大爷', null, null, '0', null, '0', '2019-09-10 17:00:50', 'FOEVGG', null, '0');
INSERT INTO `user` VALUES ('22', '17729833812', 'f7bfbe3ec8e7cb0e79feca74c57fbe68', null, null, null, '0', null, '0', '2019-09-11 10:41:03', 'RO7W', null, '0');
INSERT INTO `user` VALUES ('23', '17600876977', '7cee193d865f0347cd6be41287d3ed7e', null, null, null, '0', null, '0', '2019-09-11 12:15:00', '4O5ZS5', null, '0');
INSERT INTO `user` VALUES ('24', '13520523562', 'dcb4416c26db917e7b2d0d626e3fb8ca', null, null, null, '0', null, '0', '2019-09-17 10:25:35', null, null, 'ln');
INSERT INTO `user` VALUES ('28', '18301403659', 'e10adc3949ba59abbe56e057f20f883e', 'hfah', 'string', 'string', '0', '2019-09-17 19:47:55', '0', '2019-09-17 19:48:25', null, '0', '123');
INSERT INTO `user` VALUES ('29', '18301403655', 'e10adc3949ba59abbe56e057f20f883e', null, null, null, '0', null, '0', '2019-09-17 22:26:35', null, null, 'ln');
INSERT INTO `user` VALUES ('30', '18301403652', 'e10adc3949ba59abbe56e057f20f883e', null, null, null, '0', null, '0', '2019-09-17 22:39:42', null, null, 'ln');
INSERT INTO `user` VALUES ('31', '13261613821', 'e10adc3949ba59abbe56e057f20f883e', null, null, null, '0', null, '0', '2019-09-17 22:55:10', null, null, 'ln');
INSERT INTO `user` VALUES ('33', '13960276845', 'b1939f60652fb38830f4a49ccf9f2739', null, null, null, '0', null, '0', '2019-09-18 00:50:53', null, null, 'ln');
INSERT INTO `user` VALUES ('42', '18205933058', 'e10adc3949ba59abbe56e057f20f883e', 'gvv', null, null, '0', '2019-10-19 16:56:41', '0', '2019-09-18 16:54:01', 'WXOB5U', '41', 'ln');
INSERT INTO `user` VALUES ('43', '18510841345', 'e10adc3949ba59abbe56e057f20f883e', 'wqeew', null, null, '0', null, '0', '2019-09-18 16:56:41', 'W9OQ44', '42', 'ln');
INSERT INTO `user` VALUES ('44', '15810686586', '96e79218965eb72c92a549dd5a330112', '中国70', null, null, '0', '2019-09-21 19:30:15', '0', '2019-09-18 17:13:25', 'WCO9GJ', null, '1000');
INSERT INTO `user` VALUES ('47', '18310076156', 'e10adc3949ba59abbe56e057f20f883e', '啊啊啊', null, null, '4', '2020-09-18 17:38:54', '0', '2019-09-18 17:29:32', 'W5OCZl', null, '1000');
INSERT INTO `user` VALUES ('48', '18311112222', 'e10adc3949ba59abbe56e057f20f883e', '你猜啥', 'string', 'string', '1', '2020-01-18 17:20:25', '0', '2019-09-18 17:30:42', null, '45', '360');
INSERT INTO `user` VALUES ('49', '15210827656', 'e10adc3949ba59abbe56e057f20f883e', null, null, null, '0', null, '0', '2019-09-18 20:30:02', 'WKOYlR', null, '1000');
INSERT INTO `user` VALUES ('50', '18106961576', '7b162432735a8f5b91c6e03deac4ce84', null, null, null, '0', null, '0', '2019-09-18 20:46:09', null, null, '1000');
INSERT INTO `user` VALUES ('51', '13683066693', '8785d1b68542ef790cdd3fdd0c64352c', null, null, null, '0', null, '0', '2019-09-19 18:22:34', null, null, '1000');
INSERT INTO `user` VALUES ('52', '18500230888', 'e10adc3949ba59abbe56e057f20f883e', 'Crumbling', null, null, '0', '2019-09-23 17:12:40', '0', '2019-09-20 17:09:00', 'WJO4EN', null, '1000');
INSERT INTO `user` VALUES ('55', '18510961500', 'e10adc3949ba59abbe56e057f20f883e', 'ssa', null, null, '1', '2020-01-22 11:10:41', '0', '2019-09-20 17:59:58', 'WRORDF', '52', 'ln');
INSERT INTO `user` VALUES ('56', '18810595122', '96e79218965eb72c92a549dd5a330112', null, null, null, '0', null, '0', '2019-09-20 19:30:15', null, '44', 'ln');
INSERT INTO `user` VALUES ('57', '18059811450', 'e10adc3949ba59abbe56e057f20f883e', null, null, null, '0', null, '0', '2019-09-21 11:10:41', null, '55', 'ln');
INSERT INTO `user` VALUES ('58', '13110066901', '6097db415639f9a9e5bc1558b28b3d48', '你是谁 为辽谁', null, null, '0', null, '0', '2019-09-25 16:34:39', 'WYOX8J', null, '1000');
INSERT INTO `user` VALUES ('59', '13911055379', 'badd617a8571be3adc22b11af4f3c1e6', null, null, null, '0', '2019-11-15 23:02:15', '0', '2019-09-26 10:58:18', 'WlOVZG', null, '1000');
INSERT INTO `user` VALUES ('60', '13088811122', '4b5dafdb62af7dd141b24db6229dfc1d', null, null, null, '0', null, '0', '2019-09-26 16:15:12', null, null, '1000');
INSERT INTO `user` VALUES ('61', '18611911123', '394fa9785ea05a8deb4e854a2e530d7d', null, null, null, '0', null, '0', '2019-09-30 16:28:05', null, null, '1000');
INSERT INTO `user` VALUES ('62', '13960536988', '82f55f105afdcf3471a5532c4d252e88', null, null, null, '0', null, '0', '2019-10-04 23:31:41', null, null, '2000');
INSERT INTO `user` VALUES ('63', '15538667388', '2cd177aac2fc0fcd7f53c9aaf6534c68', null, null, null, '0', null, '0', '2019-10-12 16:24:48', null, null, '1000');
INSERT INTO `user` VALUES ('64', '13701385854', '31f9f952dc9672840b59b440a11432bd', null, null, null, '0', null, '0', '2019-10-12 16:28:36', null, null, '2000');
INSERT INTO `user` VALUES ('65', '15290017717', 'a7108087f3492a4e49f7b13fd572fbb1', null, null, null, '0', null, '0', '2019-10-12 17:51:01', 'WHOClY', null, '1000');
INSERT INTO `user` VALUES ('66', '13910119022', 'ec256a82b1e4b0ba07cc6d3329cca57f', null, null, null, '0', '2019-10-16 16:25:39', '0', '2019-10-14 15:50:32', 'EQO2YN', null, '1000');
INSERT INTO `user` VALUES ('67', '15811346079', '4fa41248acc6ac00876d28f02fd67c32', null, null, null, '0', null, '0', '2019-10-14 16:25:39', null, '66', 'ln');
INSERT INTO `user` VALUES ('68', '13910712105', '7ef7764959d290829d8c349854527149', null, null, null, '0', null, '0', '2019-10-14 19:18:15', null, '66', 'ln');
INSERT INTO `user` VALUES ('69', '15148099100', 'e10adc3949ba59abbe56e057f20f883e', null, null, null, '0', null, '0', '2019-10-15 20:22:44', null, null, '1000');
INSERT INTO `user` VALUES ('70', '15300400130', 'bc2f42af015a1ae7407c7c870ab55b51', null, null, null, '0', null, '0', '2019-10-16 21:25:20', null, null, '1000');
INSERT INTO `user` VALUES ('71', '18519839059', 'b7f189f28d5d99b319d622c443842d9e', null, null, null, '0', null, '0', '2019-10-17 17:29:51', null, null, '1000');
INSERT INTO `user` VALUES ('72', '15110027858', '2ce6647ae27b72902d9567f489050295', null, null, null, '0', null, '0', '2019-10-17 18:16:06', null, null, '1000');
INSERT INTO `user` VALUES ('73', '13184230426', 'f1e0a92a165aef621beb3bb5cd20650d', null, null, null, '0', null, '0', '2019-10-17 21:47:41', 'EDO9VJ', null, '1000');
INSERT INTO `user` VALUES ('74', '15221398072', '7c8eaa4963e5e6b5365abc42ba1d258f', null, null, null, '0', null, '0', '2019-10-17 21:55:53', null, null, '1000');
INSERT INTO `user` VALUES ('75', '15962126437', '5f6a513adf8229f4d47ded0138c4c9fc', null, null, null, '0', null, '0', '2019-10-20 18:52:27', null, null, '1000');
INSERT INTO `user` VALUES ('76', '15501163529', 'ba4f47dd71db88fd4afe88b85349aa0b', null, null, null, '0', null, '0', '2019-10-24 21:09:20', null, null, '2000');
INSERT INTO `user` VALUES ('77', '18650745645', '062e058bab4712217e0afdc987457430', null, null, null, '0', null, '0', '2019-10-28 13:30:07', 'ECOGVR', null, '2000');
INSERT INTO `user` VALUES ('78', '15059349305', '3a300c48b47b714d9821dc473304aa84', null, null, null, '0', null, '0', '2019-10-28 17:18:43', null, null, '2000');
INSERT INTO `user` VALUES ('79', '13670037902', '66fdf5a62c529e8907966da222539f21', null, null, null, '0', null, '0', '2019-10-28 21:34:24', null, null, '2000');
INSERT INTO `user` VALUES ('80', '15659762547', '5d93ceb70e2bf5daa84ec3d0cd2c731a', null, null, null, '0', null, '0', '2019-10-29 14:27:05', null, null, '2000');
INSERT INTO `user` VALUES ('81', '18587832903', '7d0a12559a71296dc4140d7aa6d5b8ae', null, null, null, '0', null, '0', '2019-10-30 14:43:16', 'EIOG', null, '1000');
INSERT INTO `user` VALUES ('82', '17611298729', '717540f22fcd115b9b53b31b6e89940c', null, null, null, '0', null, '0', '2019-10-30 15:11:22', null, null, '1000');
INSERT INTO `user` VALUES ('83', '13126529999', '811bd41fd291374499131afad94e6e84', null, null, null, '0', null, '0', '2019-10-30 16:54:20', null, null, '1000');
INSERT INTO `user` VALUES ('84', '13033275671', '6578b89be3288b22360721eb48e914cb', 'Parish', null, null, '0', null, '0', '2019-10-31 08:37:34', null, null, '2000');
INSERT INTO `user` VALUES ('85', '15121921044', '57ba172a6be125cca2f449826f9980ca', null, null, null, '0', null, '0', '2019-10-31 16:31:59', 'EJOAYJ', null, '1000');
INSERT INTO `user` VALUES ('86', '18813930812', '4815710bbec04926a84a92075df91ad7', null, null, null, '0', null, '0', '2019-10-31 23:03:28', null, null, '2000');
INSERT INTO `user` VALUES ('87', '15128180738', '263fd745a45bc272032ab7b39e8bd191', null, null, null, '0', null, '0', '2019-11-01 20:48:57', null, null, '2000');
INSERT INTO `user` VALUES ('88', '13342786668', '497bdaba78af1d6e64d278c273ee79e3', null, null, null, '0', null, '0', '2019-11-01 22:19:54', 'EROBEA', null, '2000');
INSERT INTO `user` VALUES ('89', '15807590723', '17efdd6f0e6c2c4a61caa9d9fdcd4275', null, null, null, '0', null, '0', '2019-11-02 00:14:19', null, null, '2000');
INSERT INTO `user` VALUES ('90', '18176482989', 'a7edb13afe53c35e698eadeb95f4d3a1', null, null, null, '0', null, '0', '2019-11-03 10:52:02', null, null, '2000');
INSERT INTO `user` VALUES ('91', '18580221511', '7bfdc96a2ab98cb33f2e13a24ca76bbf', null, null, null, '0', null, '0', '2019-11-03 20:27:26', null, null, '2000');
INSERT INTO `user` VALUES ('92', '13057517159', '34925a54a8f4c75e55a9a4713e9dbea4', null, null, null, '0', null, '0', '2019-11-03 22:59:18', 'ElOAGH', null, '2000');
INSERT INTO `user` VALUES ('93', '17100767554', 'e10adc3949ba59abbe56e057f20f883e', null, null, null, '0', '2019-11-07 12:29:23', '0', '2019-11-05 12:23:26', 'ETOGNU', null, '2000');
INSERT INTO `user` VALUES ('94', '18866478549', 'e10adc3949ba59abbe56e057f20f883e', null, null, null, '0', null, '0', '2019-11-05 12:29:23', null, '93', '2000');
INSERT INTO `user` VALUES ('95', '18022823703', 'e10adc3949ba59abbe56e057f20f883e', null, null, null, '0', null, '0', '2019-11-05 15:16:45', null, null, '2000');
INSERT INTO `user` VALUES ('96', '15919054793', '6b4308e762489d86fd98151fbb476d2e', null, null, null, '0', null, '0', '2019-11-06 16:24:30', null, null, '1000');
INSERT INTO `user` VALUES ('97', '18403473601', '9f95c68e7ceff25f65962a24e21b85c1', null, null, null, '0', null, '0', '2019-11-06 20:43:29', null, null, '1000');
INSERT INTO `user` VALUES ('98', '18866478984', 'e10adc3949ba59abbe56e057f20f883e', null, null, null, '0', null, '0', '2019-11-07 21:32:52', null, '93', '2000');
INSERT INTO `user` VALUES ('99', '18316673698', 'ab9a4efbc060ec67fb775a622dfa5bfb', null, null, null, '0', null, '0', '2019-11-08 23:44:21', null, null, '2000');
INSERT INTO `user` VALUES ('100', '15901040790', 'da05ea93537915dcdb290508055f1d86', null, null, null, '0', null, '0', '2019-11-14 23:02:15', null, '59', 'ln');
INSERT INTO `user` VALUES ('101', '13888741842', 'e10adc3949ba59abbe56e057f20f883e', null, null, null, '0', null, '0', '2019-11-15 15:12:25', null, null, '2000');
INSERT INTO `user` VALUES ('102', '15232348578', 'e10adc3949ba59abbe56e057f20f883e', null, null, null, '0', null, '0', '2019-11-16 17:20:33', null, null, '2000');
INSERT INTO `user` VALUES ('103', '18611458032', 'b1ba79ac2510627e3be80a500d930c5e', null, null, null, '0', null, '0', '2019-11-18 21:57:24', null, null, '1000');
INSERT INTO `user` VALUES ('104', '18828056101', 'e10adc3949ba59abbe56e057f20f883e', null, null, null, '0', null, '0', '2019-11-20 10:54:29', null, null, '2000');
INSERT INTO `user` VALUES ('105', '18023472327', '0f60dd0bcb58e50e8190327dc60e826a', null, null, null, '0', null, '0', '2019-11-20 12:17:25', null, null, '2000');
INSERT INTO `user` VALUES ('106', '18578899616', '99230ef8a1dcd21eb3a2cf7854ae3027', null, null, null, '0', null, '0', '2019-11-21 21:16:59', null, null, '2000');
INSERT INTO `user` VALUES ('107', '18026606887', 'badd617a8571be3adc22b11af4f3c1e6', null, null, null, '0', null, '0', '2019-11-22 01:39:04', null, null, '1000');
INSERT INTO `user` VALUES ('108', '18664169152', '6cbc661f6f59bd41a14687686f6e59c3', null, null, null, '0', null, '0', '2019-11-26 16:25:54', null, null, '2000');
INSERT INTO `user` VALUES ('109', '17150522475', '25f9e794323b453885f5181f1b624d0b', null, null, null, '0', '2019-11-28 20:59:08', '0', '2019-11-27 20:37:17', '89OKEQ', null, '2000');
INSERT INTO `user` VALUES ('110', '17109324204', '25f9e794323b453885f5181f1b624d0b', null, null, null, '0', null, '0', '2019-11-27 20:59:08', null, '109', '2000');
INSERT INTO `user` VALUES ('111', '18814828269', 'e10adc3949ba59abbe56e057f20f883e', null, null, null, '0', null, '0', '2019-12-06 15:46:30', null, null, '0');
INSERT INTO `user` VALUES ('113', '17736079939', '8e4233d3b52d10091ee1b31a5f49fc5f', null, null, null, '0', null, '0', '2019-12-08 00:19:47', null, null, '2000');
INSERT INTO `user` VALUES ('114', '18643149120', 'e9f5c5240c0bb39488e6dbfbdb1517e0', null, null, null, '0', null, '0', '2019-12-09 11:47:50', null, null, '1000');
INSERT INTO `user` VALUES ('115', '13161135451', 'e10adc3949ba59abbe56e057f20f883e', null, null, null, '0', null, '0', '2019-12-09 15:03:34', null, null, '1000');
INSERT INTO `user` VALUES ('116', '17508669151', 'e10adc3949ba59abbe56e057f20f883e', null, null, null, '0', null, '0', '2019-12-09 23:14:12', null, null, '2000');
INSERT INTO `user` VALUES ('117', '19137864723', 'dd4b21e9ef71e1291183a46b913ae6f2', null, null, null, '0', null, '0', '2019-12-13 15:00:39', null, null, '1000');
INSERT INTO `user` VALUES ('118', '13526589076', 'ff9c47a39752a62ce1e8dfc127b15b89', null, null, null, '0', null, '0', '2019-12-14 21:40:25', null, null, '2000');
INSERT INTO `user` VALUES ('119', '18009678411', 'e807f1fcf82d132f9bb018ca6738a19f', null, null, null, '0', null, '0', '2019-12-15 11:19:01', null, null, '2000');
INSERT INTO `user` VALUES ('120', '13919868586', '70e4bc160644a45a5610c88e90f9b31b', null, null, null, '0', null, '0', '2019-12-15 12:28:16', null, null, '2000');
INSERT INTO `user` VALUES ('121', '15014868946', '51f87c9a3b85ef42c139a39bdc076896', null, null, null, '0', null, '0', '2019-12-15 13:39:52', null, null, '2000');
INSERT INTO `user` VALUES ('122', '17611254633', '670b14728ad9902aecba32e22fa4f6bd', null, null, null, '0', null, '0', '2019-12-17 15:03:24', null, null, '1000');
INSERT INTO `user` VALUES ('123', '19928683746', 'e43c7b1b263b2d9e26f0bd84d1d66a88', null, null, null, '0', null, '0', '2019-12-17 17:53:58', null, null, '2000');
INSERT INTO `user` VALUES ('124', '18029666643', '7d4abc79d91f35dd955b39624f57f1a1', null, null, null, '0', null, '0', '2019-12-17 23:13:45', null, null, '2000');
INSERT INTO `user` VALUES ('125', '17191917443', 'da6a7989f71c932db9dc2ae4c2581769', null, null, null, '0', null, '0', '2019-12-18 00:05:03', null, null, '2000');
INSERT INTO `user` VALUES ('126', '15210426243', 'b286319840a63359a36eeca7a3bf07fd', null, null, null, '0', null, '0', '2019-12-18 00:12:52', null, null, '2000');
INSERT INTO `user` VALUES ('127', '13658248655', '73e24617255ba17f25e0923c606c3a89', '铜锣', null, null, '0', null, '0', '2019-12-18 05:08:34', '8NOC', null, '2000');
INSERT INTO `user` VALUES ('128', '18037409677', 'd7e7b8545f4261c25145d4c4e475d7fb', null, null, null, '0', null, '0', '2019-12-18 09:21:55', '86OV', null, '2000');
INSERT INTO `user` VALUES ('129', '17109324198', '25f9e794323b453885f5181f1b624d0b', null, null, null, '0', null, '0', '2019-12-18 09:52:56', null, null, '2000');
INSERT INTO `user` VALUES ('130', '18285462961', '1b603253e4bb579589d7eef8678dd7f8', null, null, null, '0', null, '0', '2019-12-18 12:30:29', null, null, '2000');
INSERT INTO `user` VALUES ('131', '17688705161', '81713982821942bc46208b81979957c4', null, null, null, '0', null, '0', '2019-12-18 12:58:55', null, null, '2000');
INSERT INTO `user` VALUES ('132', '13226376334', '102eae43bd9ab0120904f53fcab2d4f0', null, null, null, '0', null, '0', '2019-12-18 13:08:40', null, null, '2000');
INSERT INTO `user` VALUES ('133', '16739465448', 'e807f1fcf82d132f9bb018ca6738a19f', null, null, null, '0', null, '0', '2019-12-18 13:46:22', null, null, '2000');
INSERT INTO `user` VALUES ('134', '19092355380', 'bb5955f8fb69dc5ad4a7437ddd159adf', null, null, null, '0', null, '0', '2019-12-18 13:54:33', null, null, '2000');
INSERT INTO `user` VALUES ('135', '17191917455', '1e55dbf412cb74d5e2c21fb6452408c7', null, null, null, '0', null, '0', '2019-12-18 16:26:58', 'A8OR', null, '2000');
INSERT INTO `user` VALUES ('136', '19972700266', 'd78e2c3cef9a86be1bfc41883a7b0cdf', null, null, null, '0', null, '0', '2019-12-18 16:47:40', null, null, '2000');
INSERT INTO `user` VALUES ('137', '18038992007', '1df54a12e99de9d51c3a38e52f1b6e19', null, null, null, '0', null, '0', '2019-12-18 18:41:36', null, null, '2000');
INSERT INTO `user` VALUES ('138', '17695431447', '4204efe2a01aa061710bf74f11107dfc', null, null, null, '0', null, '0', '2019-12-18 19:45:25', null, null, '2000');
INSERT INTO `user` VALUES ('139', '18907097417', '9ed0399bc31b0a63f6babdc48b5adcbd', null, null, null, '0', null, '0', '2019-12-18 21:41:52', null, null, '2000');
INSERT INTO `user` VALUES ('140', '18633454343', 'afb31b9e81c28dff6606632242f36f25', null, null, null, '0', null, '0', '2019-12-18 22:01:22', null, null, '2000');
INSERT INTO `user` VALUES ('141', '17367730685', 'e10adc3949ba59abbe56e057f20f883e', null, null, null, '0', null, '0', '2019-12-18 23:48:01', null, null, '2000');
INSERT INTO `user` VALUES ('142', '13580460088', 'cc66d5e5f56ffa6100210f86725397cd', null, null, null, '0', null, '0', '2019-12-18 23:59:11', 'A9OF', null, '2000');
INSERT INTO `user` VALUES ('143', '17600206402', '146eb7674efe8ef6c3fd216bdd1bb6ae', null, null, null, '0', '2019-12-20 10:42:41', '0', '2019-12-19 10:39:08', 'ACOX', null, '2000');
INSERT INTO `user` VALUES ('144', '15906222043', '3ab1d4b8f24deebf630a7bc7da64c86e', null, null, null, '0', null, '0', '2019-12-19 10:42:41', null, '143', '2000');
INSERT INTO `user` VALUES ('145', '15016786844', 'dc483e80a7a0bd9ef71d8cf973673924', null, null, null, '0', null, '0', '2019-12-19 12:57:22', 'APOV', null, '2000');
INSERT INTO `user` VALUES ('146', '18633888636', '30d49c11f9ce40980737a5a7bc57f565', null, null, null, '0', null, '0', '2019-12-19 14:51:12', 'A5OZ', null, '2000');
INSERT INTO `user` VALUES ('147', '13844957452', '5cc137e9603f128de3c978f0000d54cf', null, null, null, '0', null, '0', '2019-12-19 15:38:17', 'AIOE', null, '2000');
INSERT INTO `user` VALUES ('148', '17858660172', '2ad569f90cc8b5f01932366b4671f55b', null, null, null, '0', null, '0', '2019-12-19 16:36:37', 'AKO2', null, '2000');
INSERT INTO `user` VALUES ('149', '18178274544', '4fdde707924fe3e684983961e04408ce', null, null, null, '0', null, '0', '2019-12-19 16:43:06', 'A3OG', null, '2000');
INSERT INTO `user` VALUES ('150', '15156486034', 'a9fc2f6d8fe2c3fe7d7d1408d2844c10', null, null, null, '0', null, '0', '2019-12-19 17:35:39', null, null, '2000');
INSERT INTO `user` VALUES ('151', '18230857180', '198e8a1531b3c609cfc7c9d235f0d216', null, null, null, '0', null, '0', '2019-12-19 21:55:47', null, null, '2000');
INSERT INTO `user` VALUES ('152', '18165769949', '0f4137ed1502b5045d6083aa258b5c42', null, null, null, '0', null, '0', '2019-12-20 00:10:52', null, null, '2000');
INSERT INTO `user` VALUES ('153', '18750911800', '478bdbefcf223b0ff2bdba2e5f0144e5', null, null, null, '0', null, '0', '2019-12-20 11:25:02', null, null, '1000');
INSERT INTO `user` VALUES ('154', '18100549533', '7aa53e826c045403df291edfb070d04e', null, null, null, '0', null, '0', '2019-12-20 14:01:41', null, null, '2000');
INSERT INTO `user` VALUES ('155', '17786188036', '2ce99dff4b778fe9f0574cebeb23a094', null, null, null, '0', null, '0', '2019-12-20 16:12:25', null, null, '2000');
INSERT INTO `user` VALUES ('156', '19965412404', '0170aa1375f3bc3b29d3ef26717cd17c', null, null, null, '0', null, '0', '2019-12-20 18:13:16', null, null, '2000');
INSERT INTO `user` VALUES ('157', '18370548779', '50ee0ea9326f457264a6b1898da0095d', null, null, null, '0', null, '0', '2019-12-21 02:40:01', null, null, '2000');
INSERT INTO `user` VALUES ('158', '15103802774', 'e7a0e1c456fd6e2948b856bfeace8c97', null, null, null, '0', null, '0', '2019-12-21 15:42:36', null, null, '2000');
INSERT INTO `user` VALUES ('159', '15634487197', '7cad5d03d8cf1e0272275e292cdf1e5f', null, null, null, '0', null, '0', '2019-12-21 23:34:44', null, null, '2000');
INSERT INTO `user` VALUES ('160', '16574489975', 'c3f76ef0b7a7e439cb76425a549f2b90', null, null, null, '0', null, '0', '2019-12-22 12:14:12', null, null, '2000');
INSERT INTO `user` VALUES ('161', '13413145513', '0afe0741fe57775037363805be00e352', null, null, null, '0', null, '0', '2019-12-22 15:37:06', null, null, '2000');
INSERT INTO `user` VALUES ('162', '17398095302', '6578b89be3288b22360721eb48e914cb', null, null, null, '0', null, '0', '2019-12-22 17:05:15', null, null, '2000');
INSERT INTO `user` VALUES ('163', '18902211173', '46e2c166c84ab4da9ee6d56d7a9ec923', null, null, null, '0', null, '0', '2019-12-22 20:42:28', null, null, '2000');
INSERT INTO `user` VALUES ('164', '17365277732', 'b777a38efc8efa519759532580020f77', null, null, null, '0', null, '0', '2019-12-22 20:45:47', null, null, '2000');
INSERT INTO `user` VALUES ('165', '18924478932', '535f3ede8eb6c026e85e3d0479bd550d', null, null, null, '0', null, '0', '2019-12-22 22:17:52', 'SQOG', null, '2000');
INSERT INTO `user` VALUES ('166', '19834533070', '68f728f03c8fe03b5243b37d832bf9fc', null, null, null, '0', null, '0', '2019-12-22 23:46:41', null, null, '2000');
INSERT INTO `user` VALUES ('167', '17773662377', 'fefb6ff718ac5c19b9d42a4f806aa354', null, null, null, '0', null, '0', '2019-12-23 12:39:26', null, null, '2000');
INSERT INTO `user` VALUES ('168', '17378184189', 'caaba7fea0b316c7ff0e0680ef054086', null, null, null, '0', null, '0', '2019-12-23 23:05:39', null, null, '2000');
INSERT INTO `user` VALUES ('169', '15172056730', '25f9e794323b453885f5181f1b624d0b', null, null, null, '0', null, '0', '2019-12-23 23:06:36', null, null, '2000');
INSERT INTO `user` VALUES ('170', '13243896593', '93c674bbea62adf2a5d70252e612cccd', null, null, null, '0', null, '0', '2019-12-24 03:42:44', null, null, '2000');
INSERT INTO `user` VALUES ('171', '15766663042', '7893ea326214cd42752d67aad437d0b8', null, null, null, '0', null, '0', '2019-12-24 19:45:56', null, null, '2000');
INSERT INTO `user` VALUES ('172', '13422349868', '32ce46a538d64322ae677e95ecd95548', null, null, null, '0', null, '0', '2019-12-25 03:10:59', null, null, '2000');
INSERT INTO `user` VALUES ('173', '15039746509', 'dfcbb495849607759bcd9f0ec9e86e0c', null, null, null, '0', null, '0', '2019-12-25 10:29:20', null, null, '2000');
INSERT INTO `user` VALUES ('174', '13862007115', 'cbce932a80afe0b858a6b72320a00ccd', null, null, null, '0', null, '0', '2019-12-25 13:54:49', null, null, '2000');
INSERT INTO `user` VALUES ('175', '13712347857', '8c7f761304ce1b17fac57e27e70fc254', null, null, null, '0', null, '0', '2019-12-25 23:02:16', null, null, '2000');
INSERT INTO `user` VALUES ('176', '18625267025', '71ca058c382e243792229799cf7411be', null, null, null, '0', null, '0', '2019-12-26 12:38:14', null, null, '2000');
INSERT INTO `user` VALUES ('177', '18611792988', '96e79218965eb72c92a549dd5a330112', null, null, null, '0', null, '0', '2019-12-26 22:38:20', null, null, '1000');
INSERT INTO `user` VALUES ('178', '15908166925', 'ba3a76de7c30dd36c8a6b26bbb36154b', null, null, null, '0', null, '0', '2019-12-27 01:04:08', null, null, '2000');
INSERT INTO `user` VALUES ('179', '18583160763', '6321c861d1994b24c6b4008316836252', null, null, null, '0', null, '0', '2019-12-27 02:27:49', null, null, '2000');
INSERT INTO `user` VALUES ('180', '18373633486', '7cec6abb25f5884c93a94ac522fe5a1e', null, null, null, '0', null, '0', '2019-12-27 03:41:18', 'SIOS', null, '2000');
INSERT INTO `user` VALUES ('181', '18301403656', 'e10adc3949ba59abbe56e057f20f883e', null, null, null, '0', null, '0', '2019-12-27 10:38:45', null, null, '1000');

-- ----------------------------
-- Table structure for user_loginlog
-- ----------------------------
DROP TABLE IF EXISTS `user_loginlog`;
CREATE TABLE `user_loginlog` (
  `id` bigint(20) NOT NULL AUTO_INCREMENT COMMENT '主键',
  `userID` bigint(20) DEFAULT NULL COMMENT '用户ID',
  `userNickName` varchar(255) DEFAULT NULL COMMENT '用户昵称',
  `loginTime` datetime DEFAULT NULL COMMENT '登录时间',
  `createTime` datetime DEFAULT NULL COMMENT '创建时间',
  `ip` varchar(255) DEFAULT NULL COMMENT 'IP地址',
  `driveCode` varchar(255) DEFAULT NULL COMMENT '设备号',
  `system` varchar(255) DEFAULT NULL COMMENT '系统',
  PRIMARY KEY (`id`)
) ENGINE=InnoDB AUTO_INCREMENT=800 DEFAULT CHARSET=utf8;

-- ----------------------------
-- Records of user_loginlog
-- ----------------------------
INSERT INTO `user_loginlog` VALUES ('229', '26', '你猜', '2019-09-18 11:54:34', '2019-09-18 11:54:34', null, null, null);
INSERT INTO `user_loginlog` VALUES ('230', '13', '你猜', '2019-09-18 11:57:26', '2019-09-18 11:57:26', null, null, null);
INSERT INTO `user_loginlog` VALUES ('231', '26', '你猜', '2019-09-18 11:59:39', '2019-09-18 11:59:39', null, null, null);
INSERT INTO `user_loginlog` VALUES ('232', '26', '你猜', '2019-09-18 12:00:08', '2019-09-18 12:00:08', null, null, null);
INSERT INTO `user_loginlog` VALUES ('233', '38', 'aaaa', '2019-09-18 12:00:34', '2019-09-18 12:00:34', null, null, null);
INSERT INTO `user_loginlog` VALUES ('234', '38', 'aaaa', '2019-09-18 12:08:35', '2019-09-18 12:08:35', null, null, null);
INSERT INTO `user_loginlog` VALUES ('235', '38', 'aaaa', '2019-09-18 12:10:04', '2019-09-18 12:10:04', null, null, null);
INSERT INTO `user_loginlog` VALUES ('236', '26', '你猜', '2019-09-18 12:24:50', '2019-09-18 12:24:50', null, null, null);
INSERT INTO `user_loginlog` VALUES ('237', '13', '你猜', '2019-09-18 12:31:49', '2019-09-18 12:31:49', null, null, null);
INSERT INTO `user_loginlog` VALUES ('238', '26', '你猜', '2019-09-18 14:06:21', '2019-09-18 14:06:21', null, null, null);
INSERT INTO `user_loginlog` VALUES ('239', '26', '你猜', '2019-09-18 14:07:05', '2019-09-18 14:07:05', null, null, null);
INSERT INTO `user_loginlog` VALUES ('240', '26', '你猜', '2019-09-18 14:08:41', '2019-09-18 14:08:41', null, null, null);
INSERT INTO `user_loginlog` VALUES ('241', '26', '你猜', '2019-09-18 14:11:46', '2019-09-18 14:11:46', null, null, null);
INSERT INTO `user_loginlog` VALUES ('242', '26', '你猜', '2019-09-18 14:19:00', '2019-09-18 14:19:00', null, null, null);
INSERT INTO `user_loginlog` VALUES ('243', '26', '你猜', '2019-09-18 14:20:40', '2019-09-18 14:20:40', null, null, null);
INSERT INTO `user_loginlog` VALUES ('244', '38', 'aaaa', '2019-09-18 15:14:36', '2019-09-18 15:14:36', null, null, null);
INSERT INTO `user_loginlog` VALUES ('245', '38', 'aaaa', '2019-09-18 15:53:46', '2019-09-18 15:53:46', null, null, null);
INSERT INTO `user_loginlog` VALUES ('246', '23', null, '2019-09-18 15:56:29', '2019-09-18 15:56:29', null, null, null);
INSERT INTO `user_loginlog` VALUES ('247', '26', '你猜', '2019-09-18 15:58:39', '2019-09-18 15:58:39', null, null, null);
INSERT INTO `user_loginlog` VALUES ('248', '26', '你猜', '2019-09-18 16:07:30', '2019-09-18 16:07:30', null, null, null);
INSERT INTO `user_loginlog` VALUES ('249', '38', 'aaaa', '2019-09-18 16:08:51', '2019-09-18 16:08:51', null, null, null);
INSERT INTO `user_loginlog` VALUES ('250', '38', 'aaaa', '2019-09-18 16:11:22', '2019-09-18 16:11:22', null, null, null);
INSERT INTO `user_loginlog` VALUES ('251', '40', null, '2019-09-18 16:19:49', '2019-09-18 16:19:49', null, null, null);
INSERT INTO `user_loginlog` VALUES ('252', '26', '你猜', '2019-09-18 16:31:30', '2019-09-18 16:31:30', null, null, null);
INSERT INTO `user_loginlog` VALUES ('253', '38', 'aaaa', '2019-09-18 16:41:30', '2019-09-18 16:41:30', null, null, null);
INSERT INTO `user_loginlog` VALUES ('254', '41', null, '2019-09-18 16:51:32', '2019-09-18 16:51:32', null, null, null);
INSERT INTO `user_loginlog` VALUES ('255', '42', null, '2019-09-18 16:55:28', '2019-09-18 16:55:28', null, null, null);
INSERT INTO `user_loginlog` VALUES ('256', '43', null, '2019-09-18 17:03:33', '2019-09-18 17:03:33', null, null, null);
INSERT INTO `user_loginlog` VALUES ('257', '26', '你猜', '2019-09-18 17:05:25', '2019-09-18 17:05:25', null, null, null);
INSERT INTO `user_loginlog` VALUES ('258', '26', '你猜', '2019-09-18 17:11:09', '2019-09-18 17:11:09', null, null, null);
INSERT INTO `user_loginlog` VALUES ('259', '26', '你猜', '2019-09-18 17:11:38', '2019-09-18 17:11:38', null, null, null);
INSERT INTO `user_loginlog` VALUES ('260', '26', '你猜', '2019-09-18 17:11:55', '2019-09-18 17:11:55', null, null, null);
INSERT INTO `user_loginlog` VALUES ('261', '26', '你猜', '2019-09-18 17:12:05', '2019-09-18 17:12:05', null, null, null);
INSERT INTO `user_loginlog` VALUES ('262', '44', null, '2019-09-18 17:13:27', '2019-09-18 17:13:27', null, null, null);
INSERT INTO `user_loginlog` VALUES ('263', '43', null, '2019-09-18 17:15:41', '2019-09-18 17:15:41', null, null, null);
INSERT INTO `user_loginlog` VALUES ('264', '26', '你猜', '2019-09-18 17:16:30', '2019-09-18 17:16:30', null, null, null);
INSERT INTO `user_loginlog` VALUES ('265', '26', '你猜', '2019-09-18 17:19:28', '2019-09-18 17:19:28', null, null, null);
INSERT INTO `user_loginlog` VALUES ('266', '26', '你猜', '2019-09-18 17:23:52', '2019-09-18 17:23:52', null, null, null);
INSERT INTO `user_loginlog` VALUES ('267', '26', '你猜', '2019-09-18 17:25:47', '2019-09-18 17:25:47', null, null, null);
INSERT INTO `user_loginlog` VALUES ('268', '41', 'yyy', '2019-09-18 17:27:19', '2019-09-18 17:27:19', null, null, null);
INSERT INTO `user_loginlog` VALUES ('269', '41', 'yyy', '2019-09-18 17:29:15', '2019-09-18 17:29:15', null, null, null);
INSERT INTO `user_loginlog` VALUES ('270', '47', null, '2019-09-18 17:29:34', '2019-09-18 17:29:34', null, null, null);
INSERT INTO `user_loginlog` VALUES ('271', '45', '你猜', '2019-09-18 17:32:17', '2019-09-18 17:32:17', null, null, null);
INSERT INTO `user_loginlog` VALUES ('272', '47', null, '2019-09-18 17:32:41', '2019-09-18 17:32:41', null, null, null);
INSERT INTO `user_loginlog` VALUES ('273', '41', 'yyy', '2019-09-18 17:33:44', '2019-09-18 17:33:44', null, null, null);
INSERT INTO `user_loginlog` VALUES ('274', '43', null, '2019-09-18 17:37:20', '2019-09-18 17:37:20', null, null, null);
INSERT INTO `user_loginlog` VALUES ('275', '43', null, '2019-09-18 17:45:56', '2019-09-18 17:45:56', null, null, null);
INSERT INTO `user_loginlog` VALUES ('276', '43', null, '2019-09-18 17:49:19', '2019-09-18 17:49:19', null, null, null);
INSERT INTO `user_loginlog` VALUES ('277', '43', null, '2019-09-18 17:54:58', '2019-09-18 17:54:58', null, null, null);
INSERT INTO `user_loginlog` VALUES ('278', '45', '你猜', '2019-09-18 18:01:06', '2019-09-18 18:01:06', null, null, null);
INSERT INTO `user_loginlog` VALUES ('279', '43', null, '2019-09-18 18:08:53', '2019-09-18 18:08:53', null, null, null);
INSERT INTO `user_loginlog` VALUES ('280', '43', null, '2019-09-18 18:12:43', '2019-09-18 18:12:43', null, null, null);
INSERT INTO `user_loginlog` VALUES ('281', '43', null, '2019-09-18 18:30:40', '2019-09-18 18:30:40', null, null, null);
INSERT INTO `user_loginlog` VALUES ('282', '26', '你猜', '2019-09-18 18:31:05', '2019-09-18 18:31:05', null, null, null);
INSERT INTO `user_loginlog` VALUES ('283', '26', '你猜', '2019-09-18 18:32:39', '2019-09-18 18:32:39', null, null, null);
INSERT INTO `user_loginlog` VALUES ('284', '26', '你猜', '2019-09-18 18:35:41', '2019-09-18 18:35:41', null, null, null);
INSERT INTO `user_loginlog` VALUES ('285', '26', '你猜', '2019-09-18 18:38:24', '2019-09-18 18:38:24', null, null, null);
INSERT INTO `user_loginlog` VALUES ('286', '26', '你猜', '2019-09-18 18:38:24', '2019-09-18 18:38:24', null, null, null);
INSERT INTO `user_loginlog` VALUES ('287', '26', '你猜', '2019-09-18 18:38:31', '2019-09-18 18:38:31', null, null, null);
INSERT INTO `user_loginlog` VALUES ('288', '26', '你猜', '2019-09-18 18:39:04', '2019-09-18 18:39:04', null, null, null);
INSERT INTO `user_loginlog` VALUES ('289', '43', null, '2019-09-18 18:39:51', '2019-09-18 18:39:51', null, null, null);
INSERT INTO `user_loginlog` VALUES ('290', '43', null, '2019-09-18 18:40:37', '2019-09-18 18:40:37', null, null, null);
INSERT INTO `user_loginlog` VALUES ('291', '26', '你猜', '2019-09-18 18:40:51', '2019-09-18 18:40:51', null, null, null);
INSERT INTO `user_loginlog` VALUES ('292', '26', '你猜', '2019-09-18 18:41:25', '2019-09-18 18:41:25', null, null, null);
INSERT INTO `user_loginlog` VALUES ('293', '26', '你猜', '2019-09-18 18:41:40', '2019-09-18 18:41:40', null, null, null);
INSERT INTO `user_loginlog` VALUES ('294', '26', '你猜', '2019-09-18 18:42:30', '2019-09-18 18:42:30', null, null, null);
INSERT INTO `user_loginlog` VALUES ('295', '43', null, '2019-09-18 18:43:16', '2019-09-18 18:43:16', null, null, null);
INSERT INTO `user_loginlog` VALUES ('296', '43', 'The', '2019-09-18 18:51:35', '2019-09-18 18:51:35', null, null, null);
INSERT INTO `user_loginlog` VALUES ('297', '43', 'The', '2019-09-18 18:57:55', '2019-09-18 18:57:55', null, null, null);
INSERT INTO `user_loginlog` VALUES ('298', '43', 'The', '2019-09-18 19:07:18', '2019-09-18 19:07:18', null, null, null);
INSERT INTO `user_loginlog` VALUES ('299', '21', '大爷', '2019-09-18 20:13:23', '2019-09-18 20:13:23', null, null, null);
INSERT INTO `user_loginlog` VALUES ('300', '23', null, '2019-09-18 20:15:01', '2019-09-18 20:15:01', null, null, null);
INSERT INTO `user_loginlog` VALUES ('301', '41', 'yyy', '2019-09-18 20:23:46', '2019-09-18 20:23:46', null, null, null);
INSERT INTO `user_loginlog` VALUES ('302', '49', null, '2019-09-18 20:30:04', '2019-09-18 20:30:04', null, null, null);
INSERT INTO `user_loginlog` VALUES ('303', '41', 'yyy', '2019-09-18 20:37:24', '2019-09-18 20:37:24', null, null, null);
INSERT INTO `user_loginlog` VALUES ('304', '50', null, '2019-09-18 20:46:11', '2019-09-18 20:46:11', null, null, null);
INSERT INTO `user_loginlog` VALUES ('305', '26', '你猜', '2019-09-18 20:48:28', '2019-09-18 20:48:28', null, null, null);
INSERT INTO `user_loginlog` VALUES ('306', '41', 'yyy', '2019-09-18 20:54:28', '2019-09-18 20:54:28', null, null, null);
INSERT INTO `user_loginlog` VALUES ('307', '26', '你猜', '2019-09-18 21:20:18', '2019-09-18 21:20:18', null, null, null);
INSERT INTO `user_loginlog` VALUES ('308', '26', '你猜', '2019-09-18 21:42:56', '2019-09-18 21:42:56', null, null, null);
INSERT INTO `user_loginlog` VALUES ('309', '47', '啊啊啊', '2019-09-18 21:43:00', '2019-09-18 21:43:00', null, null, null);
INSERT INTO `user_loginlog` VALUES ('310', '26', '你猜', '2019-09-18 21:45:07', '2019-09-18 21:45:07', null, null, null);
INSERT INTO `user_loginlog` VALUES ('311', '26', '你猜', '2019-09-18 21:50:55', '2019-09-18 21:50:55', null, null, null);
INSERT INTO `user_loginlog` VALUES ('312', '26', '你猜', '2019-09-18 22:32:30', '2019-09-18 22:32:30', null, null, null);
INSERT INTO `user_loginlog` VALUES ('313', '21', '大爷', '2019-09-19 00:17:37', '2019-09-19 00:17:37', null, null, null);
INSERT INTO `user_loginlog` VALUES ('314', '41', 'yyy', '2019-09-19 09:29:39', '2019-09-19 09:29:39', null, null, null);
INSERT INTO `user_loginlog` VALUES ('315', '26', '你猜', '2019-09-19 09:43:24', '2019-09-19 09:43:24', null, null, null);
INSERT INTO `user_loginlog` VALUES ('316', '26', '你猜', '2019-09-19 09:46:45', '2019-09-19 09:46:45', null, null, null);
INSERT INTO `user_loginlog` VALUES ('317', '26', '你猜', '2019-09-19 09:46:54', '2019-09-19 09:46:54', null, null, null);
INSERT INTO `user_loginlog` VALUES ('318', '26', '你猜', '2019-09-19 09:47:05', '2019-09-19 09:47:05', null, null, null);
INSERT INTO `user_loginlog` VALUES ('319', '41', 'yyy', '2019-09-19 09:59:25', '2019-09-19 09:59:25', null, null, null);
INSERT INTO `user_loginlog` VALUES ('320', '21', '大爷', '2019-09-19 10:19:15', '2019-09-19 10:19:15', null, null, null);
INSERT INTO `user_loginlog` VALUES ('321', '23', null, '2019-09-19 10:20:55', '2019-09-19 10:20:55', null, null, null);
INSERT INTO `user_loginlog` VALUES ('322', '26', '你猜', '2019-09-19 10:24:27', '2019-09-19 10:24:27', null, null, null);
INSERT INTO `user_loginlog` VALUES ('323', '26', '你猜', '2019-09-19 10:34:05', '2019-09-19 10:34:05', null, null, null);
INSERT INTO `user_loginlog` VALUES ('324', '26', '你猜', '2019-09-19 10:36:37', '2019-09-19 10:36:37', null, null, null);
INSERT INTO `user_loginlog` VALUES ('325', '26', '你猜', '2019-09-19 10:37:06', '2019-09-19 10:37:06', null, null, null);
INSERT INTO `user_loginlog` VALUES ('326', '26', '你猜', '2019-09-19 10:37:22', '2019-09-19 10:37:22', null, null, null);
INSERT INTO `user_loginlog` VALUES ('327', '26', '你猜', '2019-09-19 10:41:54', '2019-09-19 10:41:54', null, null, null);
INSERT INTO `user_loginlog` VALUES ('328', '44', null, '2019-09-19 10:44:26', '2019-09-19 10:44:26', null, null, null);
INSERT INTO `user_loginlog` VALUES ('329', '26', '你猜', '2019-09-19 10:51:01', '2019-09-19 10:51:01', null, null, null);
INSERT INTO `user_loginlog` VALUES ('330', '26', '你猜', '2019-09-19 11:20:56', '2019-09-19 11:20:56', null, null, null);
INSERT INTO `user_loginlog` VALUES ('331', '26', '你猜', '2019-09-19 11:21:28', '2019-09-19 11:21:28', null, null, null);
INSERT INTO `user_loginlog` VALUES ('332', '26', '你猜', '2019-09-19 11:27:24', '2019-09-19 11:27:24', null, null, null);
INSERT INTO `user_loginlog` VALUES ('333', '44', null, '2019-09-19 12:26:23', '2019-09-19 12:26:23', null, null, null);
INSERT INTO `user_loginlog` VALUES ('334', '44', null, '2019-09-19 12:55:56', '2019-09-19 12:55:56', null, null, null);
INSERT INTO `user_loginlog` VALUES ('335', '26', '你猜', '2019-09-19 13:27:01', '2019-09-19 13:27:01', null, null, null);
INSERT INTO `user_loginlog` VALUES ('336', '26', '你猜', '2019-09-19 14:49:08', '2019-09-19 14:49:08', null, null, null);
INSERT INTO `user_loginlog` VALUES ('337', '26', '你猜', '2019-09-19 15:04:23', '2019-09-19 15:04:23', null, null, null);
INSERT INTO `user_loginlog` VALUES ('338', '26', '你猜', '2019-09-19 15:14:48', '2019-09-19 15:14:48', null, null, null);
INSERT INTO `user_loginlog` VALUES ('339', '26', '你猜', '2019-09-19 15:15:46', '2019-09-19 15:15:46', null, null, null);
INSERT INTO `user_loginlog` VALUES ('340', '23', null, '2019-09-19 15:27:03', '2019-09-19 15:27:03', null, null, null);
INSERT INTO `user_loginlog` VALUES ('341', '44', null, '2019-09-19 17:01:10', '2019-09-19 17:01:10', null, null, null);
INSERT INTO `user_loginlog` VALUES ('342', '26', '你猜', '2019-09-19 17:24:34', '2019-09-19 17:24:34', null, null, null);
INSERT INTO `user_loginlog` VALUES ('343', '26', '你猜', '2019-09-19 17:25:08', '2019-09-19 17:25:08', null, null, null);
INSERT INTO `user_loginlog` VALUES ('344', '45', '你猜', '2019-09-19 17:52:42', '2019-09-19 17:52:42', null, null, null);
INSERT INTO `user_loginlog` VALUES ('345', '45', '你猜', '2019-09-19 17:53:51', '2019-09-19 17:53:51', null, null, null);
INSERT INTO `user_loginlog` VALUES ('346', '26', '你猜', '2019-09-19 17:54:29', '2019-09-19 17:54:29', null, null, null);
INSERT INTO `user_loginlog` VALUES ('347', '26', '你猜', '2019-09-19 17:55:10', '2019-09-19 17:55:10', null, null, null);
INSERT INTO `user_loginlog` VALUES ('348', '26', '你猜', '2019-09-19 17:59:36', '2019-09-19 17:59:36', null, null, null);
INSERT INTO `user_loginlog` VALUES ('349', '26', '你猜', '2019-09-19 18:00:06', '2019-09-19 18:00:06', null, null, null);
INSERT INTO `user_loginlog` VALUES ('350', '26', '你猜', '2019-09-19 18:01:03', '2019-09-19 18:01:03', null, null, null);
INSERT INTO `user_loginlog` VALUES ('351', '26', '你猜', '2019-09-19 18:04:09', '2019-09-19 18:04:09', null, null, null);
INSERT INTO `user_loginlog` VALUES ('352', '26', '你猜', '2019-09-19 18:04:32', '2019-09-19 18:04:32', null, null, null);
INSERT INTO `user_loginlog` VALUES ('353', '41', 'yyy', '2019-09-19 18:05:16', '2019-09-19 18:05:16', null, null, null);
INSERT INTO `user_loginlog` VALUES ('354', '26', '你猜', '2019-09-19 18:07:36', '2019-09-19 18:07:36', null, null, null);
INSERT INTO `user_loginlog` VALUES ('355', '41', 'yyy', '2019-09-19 18:09:45', '2019-09-19 18:09:45', null, null, null);
INSERT INTO `user_loginlog` VALUES ('356', '44', null, '2019-09-19 18:10:14', '2019-09-19 18:10:14', null, null, null);
INSERT INTO `user_loginlog` VALUES ('357', '51', null, '2019-09-19 18:22:40', '2019-09-19 18:22:40', null, null, null);
INSERT INTO `user_loginlog` VALUES ('358', '41', 'yyy', '2019-09-19 18:26:20', '2019-09-19 18:26:20', null, null, null);
INSERT INTO `user_loginlog` VALUES ('359', '45', '你猜', '2019-09-19 19:47:23', '2019-09-19 19:47:23', null, null, null);
INSERT INTO `user_loginlog` VALUES ('360', '45', '你猜', '2019-09-19 19:54:00', '2019-09-19 19:54:00', null, null, null);
INSERT INTO `user_loginlog` VALUES ('361', '45', '你猜', '2019-09-19 19:55:40', '2019-09-19 19:55:40', null, null, null);
INSERT INTO `user_loginlog` VALUES ('362', '45', '你猜', '2019-09-19 20:43:57', '2019-09-19 20:43:57', null, null, null);
INSERT INTO `user_loginlog` VALUES ('363', '26', '你猜', '2019-09-19 21:24:40', '2019-09-19 21:24:40', null, null, null);
INSERT INTO `user_loginlog` VALUES ('364', '50', null, '2019-09-19 23:38:43', '2019-09-19 23:38:43', null, null, null);
INSERT INTO `user_loginlog` VALUES ('365', '41', 'yyy', '2019-09-20 10:06:54', '2019-09-20 10:06:54', null, null, null);
INSERT INTO `user_loginlog` VALUES ('366', '26', '你猜', '2019-09-20 10:08:24', '2019-09-20 10:08:24', null, null, null);
INSERT INTO `user_loginlog` VALUES ('367', '26', '你猜', '2019-09-20 10:36:00', '2019-09-20 10:36:00', null, null, null);
INSERT INTO `user_loginlog` VALUES ('368', '51', null, '2019-09-20 11:30:23', '2019-09-20 11:30:23', null, null, null);
INSERT INTO `user_loginlog` VALUES ('369', '41', 'yyy', '2019-09-20 11:47:26', '2019-09-20 11:47:26', null, null, null);
INSERT INTO `user_loginlog` VALUES ('370', '23', null, '2019-09-20 12:02:42', '2019-09-20 12:02:42', null, null, null);
INSERT INTO `user_loginlog` VALUES ('371', '41', 'yyy', '2019-09-20 14:05:47', '2019-09-20 14:05:47', null, null, null);
INSERT INTO `user_loginlog` VALUES ('372', '43', 'The', '2019-09-20 14:18:57', '2019-09-20 14:18:57', null, null, null);
INSERT INTO `user_loginlog` VALUES ('373', '41', 'yyy', '2019-09-20 14:32:02', '2019-09-20 14:32:02', null, null, null);
INSERT INTO `user_loginlog` VALUES ('374', '21', '大爷', '2019-09-20 14:32:12', '2019-09-20 14:32:12', null, null, null);
INSERT INTO `user_loginlog` VALUES ('375', '26', '你猜', '2019-09-20 14:36:13', '2019-09-20 14:36:13', null, null, null);
INSERT INTO `user_loginlog` VALUES ('376', '47', '啊啊啊', '2019-09-20 15:35:44', '2019-09-20 15:35:44', null, null, null);
INSERT INTO `user_loginlog` VALUES ('377', '43', 'The', '2019-09-20 17:03:14', '2019-09-20 17:03:14', null, null, null);
INSERT INTO `user_loginlog` VALUES ('378', '26', '你猜', '2019-09-20 17:05:47', '2019-09-20 17:05:47', null, null, null);
INSERT INTO `user_loginlog` VALUES ('379', '41', 'yyy', '2019-09-20 17:06:24', '2019-09-20 17:06:24', null, null, null);
INSERT INTO `user_loginlog` VALUES ('380', '45', '你猜', '2019-09-20 17:07:00', '2019-09-20 17:07:00', null, null, null);
INSERT INTO `user_loginlog` VALUES ('381', '52', null, '2019-09-20 17:09:03', '2019-09-20 17:09:03', null, null, null);
INSERT INTO `user_loginlog` VALUES ('382', '53', null, '2019-09-20 17:13:26', '2019-09-20 17:13:26', null, null, null);
INSERT INTO `user_loginlog` VALUES ('383', '52', null, '2019-09-20 17:13:59', '2019-09-20 17:13:59', null, null, null);
INSERT INTO `user_loginlog` VALUES ('384', '52', null, '2019-09-20 17:14:55', '2019-09-20 17:14:55', null, null, null);
INSERT INTO `user_loginlog` VALUES ('385', '47', '啊啊啊', '2019-09-20 17:17:00', '2019-09-20 17:17:00', null, null, null);
INSERT INTO `user_loginlog` VALUES ('386', '52', null, '2019-09-20 17:26:49', '2019-09-20 17:26:49', null, null, null);
INSERT INTO `user_loginlog` VALUES ('387', '53', '代理1', '2019-09-20 17:27:34', '2019-09-20 17:27:34', null, null, null);
INSERT INTO `user_loginlog` VALUES ('388', '53', '代理1', '2019-09-20 17:30:49', '2019-09-20 17:30:49', null, null, null);
INSERT INTO `user_loginlog` VALUES ('389', '52', null, '2019-09-20 17:32:33', '2019-09-20 17:32:33', null, null, null);
INSERT INTO `user_loginlog` VALUES ('390', '52', null, '2019-09-20 17:34:26', '2019-09-20 17:34:26', null, null, null);
INSERT INTO `user_loginlog` VALUES ('391', '43', 'The', '2019-09-20 17:39:20', '2019-09-20 17:39:20', null, null, null);
INSERT INTO `user_loginlog` VALUES ('392', '44', null, '2019-09-20 17:44:31', '2019-09-20 17:44:31', null, null, null);
INSERT INTO `user_loginlog` VALUES ('393', '44', null, '2019-09-20 17:45:51', '2019-09-20 17:45:51', null, null, null);
INSERT INTO `user_loginlog` VALUES ('394', '45', '你猜', '2019-09-20 17:45:57', '2019-09-20 17:45:57', null, null, null);
INSERT INTO `user_loginlog` VALUES ('395', '44', null, '2019-09-20 17:46:19', '2019-09-20 17:46:19', null, null, null);
INSERT INTO `user_loginlog` VALUES ('396', '44', null, '2019-09-20 17:46:35', '2019-09-20 17:46:35', null, null, null);
INSERT INTO `user_loginlog` VALUES ('397', '44', null, '2019-09-20 17:47:28', '2019-09-20 17:47:28', null, null, null);
INSERT INTO `user_loginlog` VALUES ('398', '44', null, '2019-09-20 17:47:41', '2019-09-20 17:47:41', null, null, null);
INSERT INTO `user_loginlog` VALUES ('399', '54', null, '2019-09-20 17:48:11', '2019-09-20 17:48:11', null, null, null);
INSERT INTO `user_loginlog` VALUES ('400', '44', null, '2019-09-20 17:48:23', '2019-09-20 17:48:23', null, null, null);
INSERT INTO `user_loginlog` VALUES ('401', '44', null, '2019-09-20 17:48:39', '2019-09-20 17:48:39', null, null, null);
INSERT INTO `user_loginlog` VALUES ('402', '44', null, '2019-09-20 17:51:17', '2019-09-20 17:51:17', null, null, null);
INSERT INTO `user_loginlog` VALUES ('403', '52', null, '2019-09-20 17:59:02', '2019-09-20 17:59:02', null, null, null);
INSERT INTO `user_loginlog` VALUES ('404', '43', 'The', '2019-09-20 18:07:52', '2019-09-20 18:07:52', null, null, null);
INSERT INTO `user_loginlog` VALUES ('405', '43', 'The', '2019-09-20 18:08:17', '2019-09-20 18:08:17', null, null, null);
INSERT INTO `user_loginlog` VALUES ('406', '44', null, '2019-09-20 18:14:43', '2019-09-20 18:14:43', null, null, null);
INSERT INTO `user_loginlog` VALUES ('407', '44', null, '2019-09-20 19:17:59', '2019-09-20 19:17:59', null, null, null);
INSERT INTO `user_loginlog` VALUES ('408', '23', null, '2019-09-20 19:18:27', '2019-09-20 19:18:27', null, null, null);
INSERT INTO `user_loginlog` VALUES ('409', '45', '你猜', '2019-09-20 19:30:02', '2019-09-20 19:30:02', null, null, null);
INSERT INTO `user_loginlog` VALUES ('410', '44', null, '2019-09-20 19:32:29', '2019-09-20 19:32:29', null, null, null);
INSERT INTO `user_loginlog` VALUES ('411', '43', 'The', '2019-09-20 20:22:47', '2019-09-20 20:22:47', null, null, null);
INSERT INTO `user_loginlog` VALUES ('412', '43', 'The', '2019-09-20 20:26:45', '2019-09-20 20:26:45', null, null, null);
INSERT INTO `user_loginlog` VALUES ('413', '52', null, '2019-09-20 20:33:34', '2019-09-20 20:33:34', null, null, null);
INSERT INTO `user_loginlog` VALUES ('414', '52', null, '2019-09-20 21:24:46', '2019-09-20 21:24:46', null, null, null);
INSERT INTO `user_loginlog` VALUES ('415', '52', null, '2019-09-20 21:25:25', '2019-09-20 21:25:25', null, null, null);
INSERT INTO `user_loginlog` VALUES ('416', '52', null, '2019-09-20 21:26:06', '2019-09-20 21:26:06', null, null, null);
INSERT INTO `user_loginlog` VALUES ('417', '52', null, '2019-09-20 21:26:16', '2019-09-20 21:26:16', null, null, null);
INSERT INTO `user_loginlog` VALUES ('418', '55', null, '2019-09-20 21:27:13', '2019-09-20 21:27:13', null, null, null);
INSERT INTO `user_loginlog` VALUES ('419', '52', null, '2019-09-20 21:27:58', '2019-09-20 21:27:58', null, null, null);
INSERT INTO `user_loginlog` VALUES ('420', '52', null, '2019-09-20 21:31:21', '2019-09-20 21:31:21', null, null, null);
INSERT INTO `user_loginlog` VALUES ('421', '50', null, '2019-09-20 21:49:59', '2019-09-20 21:49:59', null, null, null);
INSERT INTO `user_loginlog` VALUES ('422', '52', null, '2019-09-21 10:29:12', '2019-09-21 10:29:12', null, null, null);
INSERT INTO `user_loginlog` VALUES ('423', '55', null, '2019-09-21 10:32:57', '2019-09-21 10:32:57', null, null, null);
INSERT INTO `user_loginlog` VALUES ('424', '52', null, '2019-09-21 10:41:48', '2019-09-21 10:41:48', null, null, null);
INSERT INTO `user_loginlog` VALUES ('425', '52', null, '2019-09-21 10:48:07', '2019-09-21 10:48:07', null, null, null);
INSERT INTO `user_loginlog` VALUES ('426', '52', null, '2019-09-21 10:49:28', '2019-09-21 10:49:28', null, null, null);
INSERT INTO `user_loginlog` VALUES ('427', '52', null, '2019-09-21 10:54:54', '2019-09-21 10:54:54', null, null, null);
INSERT INTO `user_loginlog` VALUES ('428', '52', null, '2019-09-21 11:01:35', '2019-09-21 11:01:35', null, null, null);
INSERT INTO `user_loginlog` VALUES ('429', '52', null, '2019-09-21 11:08:15', '2019-09-21 11:08:15', null, null, null);
INSERT INTO `user_loginlog` VALUES ('430', '55', null, '2019-09-21 11:09:35', '2019-09-21 11:09:35', null, null, null);
INSERT INTO `user_loginlog` VALUES ('431', '43', 'The', '2019-09-21 11:12:27', '2019-09-21 11:12:27', null, null, null);
INSERT INTO `user_loginlog` VALUES ('432', '52', null, '2019-09-21 11:13:17', '2019-09-21 11:13:17', null, null, null);
INSERT INTO `user_loginlog` VALUES ('433', '43', 'yyy', '2019-09-21 11:14:07', '2019-09-21 11:14:07', null, null, null);
INSERT INTO `user_loginlog` VALUES ('434', '52', null, '2019-09-21 11:35:29', '2019-09-21 11:35:29', null, null, null);
INSERT INTO `user_loginlog` VALUES ('435', '44', null, '2019-09-21 11:48:46', '2019-09-21 11:48:46', null, null, null);
INSERT INTO `user_loginlog` VALUES ('436', '44', null, '2019-09-21 12:04:22', '2019-09-21 12:04:22', null, null, null);
INSERT INTO `user_loginlog` VALUES ('437', '43', 'yyy', '2019-09-21 12:14:55', '2019-09-21 12:14:55', null, null, null);
INSERT INTO `user_loginlog` VALUES ('438', '44', null, '2019-09-21 12:17:19', '2019-09-21 12:17:19', null, null, null);
INSERT INTO `user_loginlog` VALUES ('439', '43', 'yyy', '2019-09-21 12:19:41', '2019-09-21 12:19:41', null, null, null);
INSERT INTO `user_loginlog` VALUES ('440', '43', 'yyy', '2019-09-21 12:20:27', '2019-09-21 12:20:27', null, null, null);
INSERT INTO `user_loginlog` VALUES ('441', '43', 'yyy', '2019-09-21 12:21:32', '2019-09-21 12:21:32', null, null, null);
INSERT INTO `user_loginlog` VALUES ('442', '43', 'yyy', '2019-09-21 12:23:51', '2019-09-21 12:23:51', null, null, null);
INSERT INTO `user_loginlog` VALUES ('443', '43', 'yyy', '2019-09-21 12:33:35', '2019-09-21 12:33:35', null, null, null);
INSERT INTO `user_loginlog` VALUES ('444', '43', 'yyy', '2019-09-21 14:09:59', '2019-09-21 14:09:59', null, null, null);
INSERT INTO `user_loginlog` VALUES ('445', '43', 'yyy', '2019-09-21 14:11:08', '2019-09-21 14:11:08', null, null, null);
INSERT INTO `user_loginlog` VALUES ('446', '43', 'yyy', '2019-09-21 14:21:28', '2019-09-21 14:21:28', null, null, null);
INSERT INTO `user_loginlog` VALUES ('447', '43', 'yyy', '2019-09-21 14:25:13', '2019-09-21 14:25:13', null, null, null);
INSERT INTO `user_loginlog` VALUES ('448', '43', 'yyy', '2019-09-21 14:30:47', '2019-09-21 14:30:47', null, null, null);
INSERT INTO `user_loginlog` VALUES ('449', '43', 'weicms', '2019-09-21 14:31:08', '2019-09-21 14:31:08', null, null, null);
INSERT INTO `user_loginlog` VALUES ('450', '43', 'weicms', '2019-09-21 14:35:40', '2019-09-21 14:35:40', null, null, null);
INSERT INTO `user_loginlog` VALUES ('451', '52', null, '2019-09-21 14:51:38', '2019-09-21 14:51:38', null, null, null);
INSERT INTO `user_loginlog` VALUES ('452', '55', null, '2019-09-21 14:53:04', '2019-09-21 14:53:04', null, null, null);
INSERT INTO `user_loginlog` VALUES ('453', '44', '中国', '2019-09-21 14:53:20', '2019-09-21 14:53:20', null, null, null);
INSERT INTO `user_loginlog` VALUES ('454', '44', '中国', '2019-09-21 14:54:16', '2019-09-21 14:54:16', null, null, null);
INSERT INTO `user_loginlog` VALUES ('455', '43', '1231231', '2019-09-21 15:11:05', '2019-09-21 15:11:05', null, null, null);
INSERT INTO `user_loginlog` VALUES ('456', '43', '1231231', '2019-09-21 15:15:39', '2019-09-21 15:15:39', null, null, null);
INSERT INTO `user_loginlog` VALUES ('457', '55', null, '2019-09-21 15:29:30', '2019-09-21 15:29:30', null, null, null);
INSERT INTO `user_loginlog` VALUES ('458', '52', '我叫贱人立军', '2019-09-21 15:33:56', '2019-09-21 15:33:56', null, null, null);
INSERT INTO `user_loginlog` VALUES ('459', '55', 'ssa', '2019-09-21 16:09:29', '2019-09-21 16:09:29', null, null, null);
INSERT INTO `user_loginlog` VALUES ('460', '43', 'weerds', '2019-09-21 16:41:06', '2019-09-21 16:41:06', null, null, null);
INSERT INTO `user_loginlog` VALUES ('461', '43', 'weerds', '2019-09-21 16:43:46', '2019-09-21 16:43:46', null, null, null);
INSERT INTO `user_loginlog` VALUES ('462', '43', 'weerds', '2019-09-21 18:02:35', '2019-09-21 18:02:35', null, null, null);
INSERT INTO `user_loginlog` VALUES ('463', '52', '立军是叶英大爷', '2019-09-22 16:56:32', '2019-09-22 16:56:32', null, null, null);
INSERT INTO `user_loginlog` VALUES ('464', '55', 'ssa', '2019-09-22 16:59:41', '2019-09-22 16:59:41', null, null, null);
INSERT INTO `user_loginlog` VALUES ('465', '55', 'ssa', '2019-09-22 19:51:26', '2019-09-22 19:51:26', null, null, null);
INSERT INTO `user_loginlog` VALUES ('466', '55', 'ssa', '2019-09-22 19:59:08', '2019-09-22 19:59:08', null, null, null);
INSERT INTO `user_loginlog` VALUES ('467', '43', 'weerds', '2019-09-22 20:12:41', '2019-09-22 20:12:41', null, null, null);
INSERT INTO `user_loginlog` VALUES ('468', '57', null, '2019-09-22 20:22:52', '2019-09-22 20:22:52', null, null, null);
INSERT INTO `user_loginlog` VALUES ('469', '43', 'weerds', '2019-09-23 01:17:20', '2019-09-23 01:17:20', null, null, null);
INSERT INTO `user_loginlog` VALUES ('470', '43', 'weerds', '2019-09-23 01:20:39', '2019-09-23 01:20:39', null, null, null);
INSERT INTO `user_loginlog` VALUES ('471', '43', 'weerds', '2019-09-23 01:30:08', '2019-09-23 01:30:08', null, null, null);
INSERT INTO `user_loginlog` VALUES ('472', '43', 'weerds', '2019-09-23 01:31:12', '2019-09-23 01:31:12', null, null, null);
INSERT INTO `user_loginlog` VALUES ('473', '43', 'weerds', '2019-09-23 01:33:46', '2019-09-23 01:33:46', null, null, null);
INSERT INTO `user_loginlog` VALUES ('474', '43', 'weerds', '2019-09-23 01:57:57', '2019-09-23 01:57:57', null, null, null);
INSERT INTO `user_loginlog` VALUES ('475', '43', 'weerds', '2019-09-23 01:59:14', '2019-09-23 01:59:14', null, null, null);
INSERT INTO `user_loginlog` VALUES ('476', '55', 'ssa', '2019-09-23 02:04:08', '2019-09-23 02:04:08', null, null, null);
INSERT INTO `user_loginlog` VALUES ('477', '55', 'ssa', '2019-09-23 04:40:51', '2019-09-23 04:40:51', null, null, null);
INSERT INTO `user_loginlog` VALUES ('478', '43', 'weerds', '2019-09-23 10:31:56', '2019-09-23 10:31:56', null, null, null);
INSERT INTO `user_loginlog` VALUES ('479', '57', null, '2019-09-23 10:32:22', '2019-09-23 10:32:22', null, null, null);
INSERT INTO `user_loginlog` VALUES ('480', '43', 'weerds', '2019-09-23 10:35:24', '2019-09-23 10:35:24', null, null, null);
INSERT INTO `user_loginlog` VALUES ('481', '43', 'weerds', '2019-09-23 10:45:35', '2019-09-23 10:45:35', null, null, null);
INSERT INTO `user_loginlog` VALUES ('482', '43', 'weerds', '2019-09-23 10:46:19', '2019-09-23 10:46:19', null, null, null);
INSERT INTO `user_loginlog` VALUES ('483', '43', 'weerds', '2019-09-23 10:48:07', '2019-09-23 10:48:07', null, null, null);
INSERT INTO `user_loginlog` VALUES ('484', '43', 'weerds', '2019-09-23 10:58:41', '2019-09-23 10:58:41', null, null, null);
INSERT INTO `user_loginlog` VALUES ('485', '43', 'weerds', '2019-09-23 11:15:22', '2019-09-23 11:15:22', null, null, null);
INSERT INTO `user_loginlog` VALUES ('486', '43', 'weerds', '2019-09-23 11:51:08', '2019-09-23 11:51:08', null, null, null);
INSERT INTO `user_loginlog` VALUES ('487', '52', '立军是叶英大爷', '2019-09-23 11:53:09', '2019-09-23 11:53:09', null, null, null);
INSERT INTO `user_loginlog` VALUES ('488', '44', '中国', '2019-09-23 11:55:48', '2019-09-23 11:55:48', null, null, null);
INSERT INTO `user_loginlog` VALUES ('489', '43', 'weerds', '2019-09-23 12:00:36', '2019-09-23 12:00:36', null, null, null);
INSERT INTO `user_loginlog` VALUES ('490', '55', 'ssa', '2019-09-23 12:13:31', '2019-09-23 12:13:31', null, null, null);
INSERT INTO `user_loginlog` VALUES ('491', '55', 'ssa', '2019-09-23 12:45:30', '2019-09-23 12:45:30', null, null, null);
INSERT INTO `user_loginlog` VALUES ('492', '43', 'weerds', '2019-09-23 13:00:25', '2019-09-23 13:00:25', null, null, null);
INSERT INTO `user_loginlog` VALUES ('493', '52', '立军是叶英大爷', '2019-09-23 13:56:08', '2019-09-23 13:56:08', null, null, null);
INSERT INTO `user_loginlog` VALUES ('494', '55', 'ssa', '2019-09-23 14:18:25', '2019-09-23 14:18:25', null, null, null);
INSERT INTO `user_loginlog` VALUES ('495', '55', 'ssa', '2019-09-23 14:20:56', '2019-09-23 14:20:56', null, null, null);
INSERT INTO `user_loginlog` VALUES ('496', '55', 'ssa', '2019-09-23 14:23:54', '2019-09-23 14:23:54', null, null, null);
INSERT INTO `user_loginlog` VALUES ('497', '55', 'ssa', '2019-09-23 15:53:33', '2019-09-23 15:53:33', null, null, null);
INSERT INTO `user_loginlog` VALUES ('498', '43', 'weerds', '2019-09-23 16:02:18', '2019-09-23 16:02:18', null, null, null);
INSERT INTO `user_loginlog` VALUES ('499', '43', 'weerds', '2019-09-23 17:51:30', '2019-09-23 17:51:30', null, null, null);
INSERT INTO `user_loginlog` VALUES ('500', '43', 'weerds', '2019-09-23 18:08:22', '2019-09-23 18:08:22', null, null, null);
INSERT INTO `user_loginlog` VALUES ('501', '43', 'weerds', '2019-09-23 18:12:22', '2019-09-23 18:12:22', null, null, null);
INSERT INTO `user_loginlog` VALUES ('502', '43', 'weerds', '2019-09-23 18:14:21', '2019-09-23 18:14:21', null, null, null);
INSERT INTO `user_loginlog` VALUES ('503', '43', 'weerds', '2019-09-23 18:16:10', '2019-09-23 18:16:10', null, null, null);
INSERT INTO `user_loginlog` VALUES ('504', '44', '中国70', '2019-09-23 19:52:22', '2019-09-23 19:52:22', null, null, null);
INSERT INTO `user_loginlog` VALUES ('505', '43', 'weerds', '2019-09-23 20:10:31', '2019-09-23 20:10:31', null, null, null);
INSERT INTO `user_loginlog` VALUES ('506', '43', 'weerds', '2019-09-23 20:19:29', '2019-09-23 20:19:29', null, null, null);
INSERT INTO `user_loginlog` VALUES ('507', '55', 'ssa', '2019-09-23 20:24:50', '2019-09-23 20:24:50', null, null, null);
INSERT INTO `user_loginlog` VALUES ('508', '55', 'ssa', '2019-09-23 20:31:31', '2019-09-23 20:31:31', null, null, null);
INSERT INTO `user_loginlog` VALUES ('509', '45', '你猜', '2019-09-23 20:32:57', '2019-09-23 20:32:57', null, null, null);
INSERT INTO `user_loginlog` VALUES ('510', '55', 'ssa', '2019-09-23 20:35:58', '2019-09-23 20:35:58', null, null, null);
INSERT INTO `user_loginlog` VALUES ('511', '45', '我是神棍', '2019-09-23 20:36:20', '2019-09-23 20:36:20', null, null, null);
INSERT INTO `user_loginlog` VALUES ('512', '45', '我是神棍', '2019-09-23 20:36:37', '2019-09-23 20:36:37', null, null, null);
INSERT INTO `user_loginlog` VALUES ('513', '55', 'ssa', '2019-09-23 20:37:41', '2019-09-23 20:37:41', null, null, null);
INSERT INTO `user_loginlog` VALUES ('514', '55', 'ssa', '2019-09-23 20:39:16', '2019-09-23 20:39:16', null, null, null);
INSERT INTO `user_loginlog` VALUES ('515', '45', '我是神棍', '2019-09-23 20:39:35', '2019-09-23 20:39:35', null, null, null);
INSERT INTO `user_loginlog` VALUES ('516', '45', '我是神棍', '2019-09-23 20:41:12', '2019-09-23 20:41:12', null, null, null);
INSERT INTO `user_loginlog` VALUES ('517', '55', 'ssa', '2019-09-23 20:44:15', '2019-09-23 20:44:15', null, null, null);
INSERT INTO `user_loginlog` VALUES ('518', '52', '立军是大傻子', '2019-09-23 20:45:01', '2019-09-23 20:45:01', null, null, null);
INSERT INTO `user_loginlog` VALUES ('519', '45', '我是神棍', '2019-09-23 20:47:00', '2019-09-23 20:47:00', null, null, null);
INSERT INTO `user_loginlog` VALUES ('520', '52', '立军是大傻子', '2019-09-23 20:49:43', '2019-09-23 20:49:43', null, null, null);
INSERT INTO `user_loginlog` VALUES ('521', '45', '我是神棍', '2019-09-23 21:07:49', '2019-09-23 21:07:49', null, null, null);
INSERT INTO `user_loginlog` VALUES ('522', '45', '我是神棍', '2019-09-23 21:07:54', '2019-09-23 21:07:54', null, null, null);
INSERT INTO `user_loginlog` VALUES ('523', '45', '我是神棍', '2019-09-23 21:17:59', '2019-09-23 21:17:59', null, null, null);
INSERT INTO `user_loginlog` VALUES ('524', '55', 'ssa', '2019-09-23 23:06:16', '2019-09-23 23:06:16', null, null, null);
INSERT INTO `user_loginlog` VALUES ('525', '43', 'weerds', '2019-09-24 10:29:52', '2019-09-24 10:29:52', null, null, null);
INSERT INTO `user_loginlog` VALUES ('526', '43', 'weerds', '2019-09-24 10:41:29', '2019-09-24 10:41:29', null, null, null);
INSERT INTO `user_loginlog` VALUES ('527', '43', 'weerds', '2019-09-24 10:43:33', '2019-09-24 10:43:33', null, null, null);
INSERT INTO `user_loginlog` VALUES ('528', '55', 'ssa', '2019-09-24 10:52:23', '2019-09-24 10:52:23', null, null, null);
INSERT INTO `user_loginlog` VALUES ('529', '45', '我是神棍', '2019-09-24 11:08:34', '2019-09-24 11:08:34', null, null, null);
INSERT INTO `user_loginlog` VALUES ('530', '45', '我是神棍', '2019-09-24 11:15:36', '2019-09-24 11:15:36', null, null, null);
INSERT INTO `user_loginlog` VALUES ('531', '52', '立军是大傻子', '2019-09-24 15:29:48', '2019-09-24 15:29:48', null, null, null);
INSERT INTO `user_loginlog` VALUES ('532', '55', 'ssa', '2019-09-24 16:47:45', '2019-09-24 16:47:45', null, null, null);
INSERT INTO `user_loginlog` VALUES ('533', '57', null, '2019-09-25 13:37:56', '2019-09-25 13:37:56', null, null, null);
INSERT INTO `user_loginlog` VALUES ('534', '44', '中国70', '2019-09-25 16:32:09', '2019-09-25 16:32:09', null, null, null);
INSERT INTO `user_loginlog` VALUES ('535', '58', null, '2019-09-25 16:34:42', '2019-09-25 16:34:42', null, null, null);
INSERT INTO `user_loginlog` VALUES ('536', '52', 'hahahhshs', '2019-09-25 16:36:15', '2019-09-25 16:36:15', null, null, null);
INSERT INTO `user_loginlog` VALUES ('537', '55', 'ssa', '2019-09-25 16:36:56', '2019-09-25 16:36:56', null, null, null);
INSERT INTO `user_loginlog` VALUES ('538', '55', 'ssa', '2019-09-26 10:45:31', '2019-09-26 10:45:31', null, null, null);
INSERT INTO `user_loginlog` VALUES ('539', '49', null, '2019-09-26 10:46:06', '2019-09-26 10:46:06', null, null, null);
INSERT INTO `user_loginlog` VALUES ('540', '59', null, '2019-09-26 10:58:22', '2019-09-26 10:58:22', null, null, null);
INSERT INTO `user_loginlog` VALUES ('541', '60', null, '2019-09-26 16:15:15', '2019-09-26 16:15:15', null, null, null);
INSERT INTO `user_loginlog` VALUES ('542', '44', '中国70', '2019-09-26 19:53:52', '2019-09-26 19:53:52', null, null, null);
INSERT INTO `user_loginlog` VALUES ('543', '55', 'ssa', '2019-09-26 20:14:35', '2019-09-26 20:14:35', null, null, null);
INSERT INTO `user_loginlog` VALUES ('544', '43', 'wqeew', '2019-09-27 17:29:34', '2019-09-27 17:29:34', null, null, null);
INSERT INTO `user_loginlog` VALUES ('545', '55', 'ssa', '2019-09-29 11:14:30', '2019-09-29 11:14:30', null, null, null);
INSERT INTO `user_loginlog` VALUES ('546', '43', 'wqeew', '2019-09-29 11:45:15', '2019-09-29 11:45:15', null, null, null);
INSERT INTO `user_loginlog` VALUES ('547', '45', '我是神棍', '2019-09-29 14:15:40', '2019-09-29 14:15:40', null, null, null);
INSERT INTO `user_loginlog` VALUES ('548', '55', 'ssa', '2019-09-29 15:35:00', '2019-09-29 15:35:00', null, null, null);
INSERT INTO `user_loginlog` VALUES ('549', '55', 'ssa', '2019-09-29 16:21:40', '2019-09-29 16:21:40', null, null, null);
INSERT INTO `user_loginlog` VALUES ('550', '55', 'ssa', '2019-09-29 17:52:20', '2019-09-29 17:52:20', null, null, null);
INSERT INTO `user_loginlog` VALUES ('551', '61', null, '2019-09-30 16:28:08', '2019-09-30 16:28:08', null, null, null);
INSERT INTO `user_loginlog` VALUES ('552', '62', null, '2019-10-04 23:31:46', '2019-10-04 23:31:46', null, null, null);
INSERT INTO `user_loginlog` VALUES ('553', '57', null, '2019-10-06 13:56:58', '2019-10-06 13:56:58', null, null, null);
INSERT INTO `user_loginlog` VALUES ('554', '63', null, '2019-10-12 16:24:50', '2019-10-12 16:24:50', null, null, null);
INSERT INTO `user_loginlog` VALUES ('555', '64', null, '2019-10-12 16:28:40', '2019-10-12 16:28:40', null, null, null);
INSERT INTO `user_loginlog` VALUES ('556', '65', null, '2019-10-12 17:51:06', '2019-10-12 17:51:06', null, null, null);
INSERT INTO `user_loginlog` VALUES ('557', '52', 'hahahhshs', '2019-10-13 18:55:39', '2019-10-13 18:55:39', null, null, null);
INSERT INTO `user_loginlog` VALUES ('558', '52', 'hahahhshs', '2019-10-13 18:56:25', '2019-10-13 18:56:25', null, null, null);
INSERT INTO `user_loginlog` VALUES ('559', '45', '蓝鸟', '2019-10-13 23:43:54', '2019-10-13 23:43:54', null, null, null);
INSERT INTO `user_loginlog` VALUES ('560', '66', null, '2019-10-14 15:50:36', '2019-10-14 15:50:36', null, null, null);
INSERT INTO `user_loginlog` VALUES ('561', '67', null, '2019-10-14 16:36:44', '2019-10-14 16:36:44', null, null, null);
INSERT INTO `user_loginlog` VALUES ('562', '68', null, '2019-10-14 19:22:39', '2019-10-14 19:22:39', null, null, null);
INSERT INTO `user_loginlog` VALUES ('563', '69', null, '2019-10-15 20:22:48', '2019-10-15 20:22:48', null, null, null);
INSERT INTO `user_loginlog` VALUES ('564', '45', '蓝鸟', '2019-10-16 16:30:02', '2019-10-16 16:30:02', null, null, null);
INSERT INTO `user_loginlog` VALUES ('565', '49', null, '2019-10-16 18:22:19', '2019-10-16 18:22:19', null, null, null);
INSERT INTO `user_loginlog` VALUES ('566', '70', null, '2019-10-16 21:25:25', '2019-10-16 21:25:25', null, null, null);
INSERT INTO `user_loginlog` VALUES ('567', '71', null, '2019-10-17 17:29:55', '2019-10-17 17:29:55', null, null, null);
INSERT INTO `user_loginlog` VALUES ('568', '72', null, '2019-10-17 18:16:10', '2019-10-17 18:16:10', null, null, null);
INSERT INTO `user_loginlog` VALUES ('569', '73', null, '2019-10-17 21:47:42', '2019-10-17 21:47:42', null, null, null);
INSERT INTO `user_loginlog` VALUES ('570', '74', null, '2019-10-17 21:55:56', '2019-10-17 21:55:56', null, null, null);
INSERT INTO `user_loginlog` VALUES ('571', '45', '蓝鸟', '2019-10-17 22:43:01', '2019-10-17 22:43:01', null, null, null);
INSERT INTO `user_loginlog` VALUES ('572', '65', null, '2019-10-20 18:52:06', '2019-10-20 18:52:06', null, null, null);
INSERT INTO `user_loginlog` VALUES ('573', '75', null, '2019-10-20 18:52:30', '2019-10-20 18:52:30', null, null, null);
INSERT INTO `user_loginlog` VALUES ('574', '59', null, '2019-10-21 04:37:19', '2019-10-21 04:37:19', null, null, null);
INSERT INTO `user_loginlog` VALUES ('575', '50', null, '2019-10-22 13:07:10', '2019-10-22 13:07:10', null, null, null);
INSERT INTO `user_loginlog` VALUES ('576', '57', null, '2019-10-23 00:39:55', '2019-10-23 00:39:55', null, null, null);
INSERT INTO `user_loginlog` VALUES ('577', '76', null, '2019-10-24 21:09:25', '2019-10-24 21:09:25', null, null, null);
INSERT INTO `user_loginlog` VALUES ('578', '44', '中国70', '2019-10-27 09:05:52', '2019-10-27 09:05:52', null, null, null);
INSERT INTO `user_loginlog` VALUES ('579', '57', null, '2019-10-28 10:19:15', '2019-10-28 10:19:15', null, null, null);
INSERT INTO `user_loginlog` VALUES ('580', '77', null, '2019-10-28 13:30:10', '2019-10-28 13:30:10', null, null, null);
INSERT INTO `user_loginlog` VALUES ('581', '78', null, '2019-10-28 17:18:45', '2019-10-28 17:18:45', null, null, null);
INSERT INTO `user_loginlog` VALUES ('582', '79', null, '2019-10-28 21:34:26', '2019-10-28 21:34:26', null, null, null);
INSERT INTO `user_loginlog` VALUES ('583', '80', null, '2019-10-29 14:27:09', '2019-10-29 14:27:09', null, null, null);
INSERT INTO `user_loginlog` VALUES ('584', '81', null, '2019-10-30 14:43:18', '2019-10-30 14:43:18', null, null, null);
INSERT INTO `user_loginlog` VALUES ('585', '21', '大爷', '2019-10-30 15:09:01', '2019-10-30 15:09:01', null, null, null);
INSERT INTO `user_loginlog` VALUES ('586', '82', null, '2019-10-30 15:11:28', '2019-10-30 15:11:28', null, null, null);
INSERT INTO `user_loginlog` VALUES ('587', '83', null, '2019-10-30 16:54:23', '2019-10-30 16:54:23', null, null, null);
INSERT INTO `user_loginlog` VALUES ('588', '84', null, '2019-10-31 08:37:36', '2019-10-31 08:37:36', null, null, null);
INSERT INTO `user_loginlog` VALUES ('589', '60', null, '2019-10-31 14:08:34', '2019-10-31 14:08:34', null, null, null);
INSERT INTO `user_loginlog` VALUES ('590', '85', null, '2019-10-31 16:32:04', '2019-10-31 16:32:04', null, null, null);
INSERT INTO `user_loginlog` VALUES ('591', '86', null, '2019-10-31 23:03:31', '2019-10-31 23:03:31', null, null, null);
INSERT INTO `user_loginlog` VALUES ('592', '57', null, '2019-11-01 09:04:34', '2019-11-01 09:04:34', null, null, null);
INSERT INTO `user_loginlog` VALUES ('593', '87', null, '2019-11-01 20:49:01', '2019-11-01 20:49:01', null, null, null);
INSERT INTO `user_loginlog` VALUES ('594', '88', null, '2019-11-01 22:19:57', '2019-11-01 22:19:57', null, null, null);
INSERT INTO `user_loginlog` VALUES ('595', '88', null, '2019-11-01 22:27:53', '2019-11-01 22:27:53', null, null, null);
INSERT INTO `user_loginlog` VALUES ('596', '89', null, '2019-11-02 00:14:23', '2019-11-02 00:14:23', null, null, null);
INSERT INTO `user_loginlog` VALUES ('597', '90', null, '2019-11-03 10:52:05', '2019-11-03 10:52:05', null, null, null);
INSERT INTO `user_loginlog` VALUES ('598', '91', null, '2019-11-03 20:27:28', '2019-11-03 20:27:28', null, null, null);
INSERT INTO `user_loginlog` VALUES ('599', '92', null, '2019-11-03 22:59:20', '2019-11-03 22:59:20', null, null, null);
INSERT INTO `user_loginlog` VALUES ('600', '88', null, '2019-11-04 08:53:42', '2019-11-04 08:53:42', null, null, null);
INSERT INTO `user_loginlog` VALUES ('601', '93', null, '2019-11-05 12:23:29', '2019-11-05 12:23:29', null, null, null);
INSERT INTO `user_loginlog` VALUES ('602', '93', null, '2019-11-05 12:29:38', '2019-11-05 12:29:38', null, null, null);
INSERT INTO `user_loginlog` VALUES ('603', '95', null, '2019-11-05 15:16:49', '2019-11-05 15:16:49', null, null, null);
INSERT INTO `user_loginlog` VALUES ('604', '88', null, '2019-11-06 09:25:07', '2019-11-06 09:25:07', null, null, null);
INSERT INTO `user_loginlog` VALUES ('605', '96', null, '2019-11-06 16:24:32', '2019-11-06 16:24:32', null, null, null);
INSERT INTO `user_loginlog` VALUES ('606', '84', null, '2019-11-06 18:02:55', '2019-11-06 18:02:55', null, null, null);
INSERT INTO `user_loginlog` VALUES ('607', '97', null, '2019-11-06 20:43:31', '2019-11-06 20:43:31', null, null, null);
INSERT INTO `user_loginlog` VALUES ('608', '88', null, '2019-11-07 08:45:55', '2019-11-07 08:45:55', null, null, null);
INSERT INTO `user_loginlog` VALUES ('609', '84', null, '2019-11-07 15:51:34', '2019-11-07 15:51:34', null, null, null);
INSERT INTO `user_loginlog` VALUES ('610', '93', null, '2019-11-07 21:33:01', '2019-11-07 21:33:01', null, null, null);
INSERT INTO `user_loginlog` VALUES ('611', '99', null, '2019-11-08 23:44:25', '2019-11-08 23:44:25', null, null, null);
INSERT INTO `user_loginlog` VALUES ('612', '88', null, '2019-11-10 10:40:20', '2019-11-10 10:40:20', null, null, null);
INSERT INTO `user_loginlog` VALUES ('613', '64', null, '2019-11-11 19:59:55', '2019-11-11 19:59:55', null, null, null);
INSERT INTO `user_loginlog` VALUES ('614', '59', null, '2019-11-13 02:51:28', '2019-11-13 02:51:28', null, null, null);
INSERT INTO `user_loginlog` VALUES ('615', '59', null, '2019-11-13 12:21:26', '2019-11-13 12:21:26', null, null, null);
INSERT INTO `user_loginlog` VALUES ('616', '59', null, '2019-11-13 14:03:38', '2019-11-13 14:03:38', null, null, null);
INSERT INTO `user_loginlog` VALUES ('617', '66', null, '2019-11-14 08:43:13', '2019-11-14 08:43:13', null, null, null);
INSERT INTO `user_loginlog` VALUES ('618', '59', null, '2019-11-15 11:04:48', '2019-11-15 11:04:48', null, null, null);
INSERT INTO `user_loginlog` VALUES ('619', '59', null, '2019-11-15 13:38:44', '2019-11-15 13:38:44', null, null, null);
INSERT INTO `user_loginlog` VALUES ('620', '101', null, '2019-11-15 15:12:29', '2019-11-15 15:12:29', null, null, null);
INSERT INTO `user_loginlog` VALUES ('621', '102', null, '2019-11-16 17:20:38', '2019-11-16 17:20:38', null, null, null);
INSERT INTO `user_loginlog` VALUES ('622', '73', null, '2019-11-16 22:28:36', '2019-11-16 22:28:36', null, null, null);
INSERT INTO `user_loginlog` VALUES ('623', '23', null, '2019-11-18 16:00:10', '2019-11-18 16:00:10', null, null, null);
INSERT INTO `user_loginlog` VALUES ('624', '71', null, '2019-11-18 16:25:10', '2019-11-18 16:25:10', null, null, null);
INSERT INTO `user_loginlog` VALUES ('625', '103', null, '2019-11-18 21:57:28', '2019-11-18 21:57:28', null, null, null);
INSERT INTO `user_loginlog` VALUES ('626', '59', null, '2019-11-20 00:30:31', '2019-11-20 00:30:31', null, null, null);
INSERT INTO `user_loginlog` VALUES ('627', '59', null, '2019-11-20 09:34:30', '2019-11-20 09:34:30', null, null, null);
INSERT INTO `user_loginlog` VALUES ('628', '104', null, '2019-11-20 10:54:31', '2019-11-20 10:54:31', null, null, null);
INSERT INTO `user_loginlog` VALUES ('629', '45', '蓝鸟', '2019-11-20 11:03:30', '2019-11-20 11:03:30', null, null, null);
INSERT INTO `user_loginlog` VALUES ('630', '52', 'hahahhshs', '2019-11-20 11:41:06', '2019-11-20 11:41:06', null, null, null);
INSERT INTO `user_loginlog` VALUES ('631', '105', null, '2019-11-20 12:17:27', '2019-11-20 12:17:27', null, null, null);
INSERT INTO `user_loginlog` VALUES ('632', '88', null, '2019-11-21 21:09:00', '2019-11-21 21:09:00', null, null, null);
INSERT INTO `user_loginlog` VALUES ('633', '88', null, '2019-11-21 21:14:02', '2019-11-21 21:14:02', null, null, null);
INSERT INTO `user_loginlog` VALUES ('634', '88', null, '2019-11-21 21:16:00', '2019-11-21 21:16:00', null, null, null);
INSERT INTO `user_loginlog` VALUES ('635', '106', null, '2019-11-21 21:17:03', '2019-11-21 21:17:03', null, null, null);
INSERT INTO `user_loginlog` VALUES ('636', '107', null, '2019-11-22 01:39:06', '2019-11-22 01:39:06', null, null, null);
INSERT INTO `user_loginlog` VALUES ('637', '76', null, '2019-11-23 12:10:09', '2019-11-23 12:10:09', null, null, null);
INSERT INTO `user_loginlog` VALUES ('638', '43', 'wqeew', '2019-11-25 17:27:26', '2019-11-25 17:27:26', null, null, null);
INSERT INTO `user_loginlog` VALUES ('639', '74', null, '2019-11-25 23:56:16', '2019-11-25 23:56:16', null, null, null);
INSERT INTO `user_loginlog` VALUES ('640', '108', null, '2019-11-26 16:25:56', '2019-11-26 16:25:56', null, null, null);
INSERT INTO `user_loginlog` VALUES ('641', '109', null, '2019-11-27 20:37:20', '2019-11-27 20:37:20', null, null, null);
INSERT INTO `user_loginlog` VALUES ('642', '110', null, '2019-11-27 20:59:10', '2019-11-27 20:59:10', null, null, null);
INSERT INTO `user_loginlog` VALUES ('643', '79', null, '2019-11-28 09:33:46', '2019-11-28 09:33:46', null, null, null);
INSERT INTO `user_loginlog` VALUES ('644', '44', '中国70', '2019-11-29 14:44:20', '2019-11-29 14:44:20', null, null, null);
INSERT INTO `user_loginlog` VALUES ('645', '82', null, '2019-11-29 15:12:05', '2019-11-29 15:12:05', null, null, null);
INSERT INTO `user_loginlog` VALUES ('646', '86', null, '2019-12-01 02:24:45', '2019-12-01 02:24:45', null, null, null);
INSERT INTO `user_loginlog` VALUES ('647', '68', null, '2019-12-01 09:03:57', '2019-12-01 09:03:57', null, null, null);
INSERT INTO `user_loginlog` VALUES ('648', '85', null, '2019-12-01 19:33:35', '2019-12-01 19:33:35', null, null, null);
INSERT INTO `user_loginlog` VALUES ('649', '21', '大爷', '2019-12-02 20:31:20', '2019-12-02 20:31:20', null, null, null);
INSERT INTO `user_loginlog` VALUES ('650', '85', null, '2019-12-02 20:48:34', '2019-12-02 20:48:34', null, null, null);
INSERT INTO `user_loginlog` VALUES ('651', '103', null, '2019-12-02 21:18:16', '2019-12-02 21:18:16', null, null, null);
INSERT INTO `user_loginlog` VALUES ('652', '45', '蓝鸟', '2019-12-03 14:28:35', '2019-12-03 14:28:35', null, null, null);
INSERT INTO `user_loginlog` VALUES ('653', '44', '中国70', '2019-12-06 10:07:45', '2019-12-06 10:07:45', null, null, null);
INSERT INTO `user_loginlog` VALUES ('654', '73', null, '2019-12-06 21:58:52', '2019-12-06 21:58:52', null, null, null);
INSERT INTO `user_loginlog` VALUES ('655', '43', 'wqeew', '2019-12-06 22:03:03', '2019-12-06 22:03:03', null, null, null);
INSERT INTO `user_loginlog` VALUES ('656', '73', null, '2019-12-06 22:15:53', '2019-12-06 22:15:53', null, null, null);
INSERT INTO `user_loginlog` VALUES ('657', '73', null, '2019-12-06 22:23:12', '2019-12-06 22:23:12', null, null, null);
INSERT INTO `user_loginlog` VALUES ('658', '73', null, '2019-12-06 22:26:00', '2019-12-06 22:26:00', null, null, null);
INSERT INTO `user_loginlog` VALUES ('659', '50', null, '2019-12-06 22:54:56', '2019-12-06 22:54:56', null, null, null);
INSERT INTO `user_loginlog` VALUES ('660', '111', null, '2019-12-06 23:44:32', '2019-12-06 23:44:32', null, null, null);
INSERT INTO `user_loginlog` VALUES ('661', '43', 'wqeew', '2019-12-07 12:54:48', '2019-12-07 12:54:48', null, null, null);
INSERT INTO `user_loginlog` VALUES ('662', '45', '蓝鸟', '2019-12-07 13:54:52', '2019-12-07 13:54:52', null, null, null);
INSERT INTO `user_loginlog` VALUES ('663', '45', '蓝鸟', '2019-12-07 14:26:46', '2019-12-07 14:26:46', null, null, null);
INSERT INTO `user_loginlog` VALUES ('664', '112', null, '2019-12-07 15:03:10', '2019-12-07 15:03:10', null, null, null);
INSERT INTO `user_loginlog` VALUES ('665', '84', 'Parish', '2019-12-07 16:02:00', '2019-12-07 16:02:00', null, null, null);
INSERT INTO `user_loginlog` VALUES ('666', '93', null, '2019-12-07 21:55:41', '2019-12-07 21:55:41', null, null, null);
INSERT INTO `user_loginlog` VALUES ('667', '113', null, '2019-12-08 00:19:49', '2019-12-08 00:19:49', null, null, null);
INSERT INTO `user_loginlog` VALUES ('668', '43', 'wqeew', '2019-12-09 09:37:07', '2019-12-09 09:37:07', null, null, null);
INSERT INTO `user_loginlog` VALUES ('669', '114', null, '2019-12-09 11:47:52', '2019-12-09 11:47:52', null, null, null);
INSERT INTO `user_loginlog` VALUES ('670', '115', null, '2019-12-09 15:03:36', '2019-12-09 15:03:36', null, null, null);
INSERT INTO `user_loginlog` VALUES ('671', '44', '中国70', '2019-12-09 17:37:57', '2019-12-09 17:37:57', null, null, null);
INSERT INTO `user_loginlog` VALUES ('672', '116', null, '2019-12-09 23:14:14', '2019-12-09 23:14:14', null, null, null);
INSERT INTO `user_loginlog` VALUES ('673', '65', null, '2019-12-10 07:09:59', '2019-12-10 07:09:59', null, null, null);
INSERT INTO `user_loginlog` VALUES ('674', '22', null, '2019-12-10 14:02:59', '2019-12-10 14:02:59', null, null, null);
INSERT INTO `user_loginlog` VALUES ('675', '64', null, '2019-12-12 02:42:48', '2019-12-12 02:42:48', null, null, null);
INSERT INTO `user_loginlog` VALUES ('676', '44', '中国70', '2019-12-12 22:27:06', '2019-12-12 22:27:06', null, null, null);
INSERT INTO `user_loginlog` VALUES ('677', '44', '中国70', '2019-12-13 08:19:21', '2019-12-13 08:19:21', null, null, null);
INSERT INTO `user_loginlog` VALUES ('678', '117', null, '2019-12-13 15:00:40', '2019-12-13 15:00:40', null, null, null);
INSERT INTO `user_loginlog` VALUES ('679', '44', '中国70', '2019-12-13 15:33:39', '2019-12-13 15:33:39', null, null, null);
INSERT INTO `user_loginlog` VALUES ('680', '66', null, '2019-12-14 09:50:52', '2019-12-14 09:50:52', null, null, null);
INSERT INTO `user_loginlog` VALUES ('681', '44', '中国70', '2019-12-14 10:38:19', '2019-12-14 10:38:19', null, null, null);
INSERT INTO `user_loginlog` VALUES ('682', '44', '中国70', '2019-12-14 10:44:18', '2019-12-14 10:44:18', null, null, null);
INSERT INTO `user_loginlog` VALUES ('683', '44', '中国70', '2019-12-14 10:49:31', '2019-12-14 10:49:31', null, null, null);
INSERT INTO `user_loginlog` VALUES ('684', '44', '中国70', '2019-12-14 11:53:28', '2019-12-14 11:53:28', null, null, null);
INSERT INTO `user_loginlog` VALUES ('685', '73', null, '2019-12-14 11:57:40', '2019-12-14 11:57:40', null, null, null);
INSERT INTO `user_loginlog` VALUES ('686', '117', null, '2019-12-14 11:59:14', '2019-12-14 11:59:14', null, null, null);
INSERT INTO `user_loginlog` VALUES ('687', '44', '中国70', '2019-12-14 11:59:37', '2019-12-14 11:59:37', null, null, null);
INSERT INTO `user_loginlog` VALUES ('688', '44', '中国70', '2019-12-14 12:02:16', '2019-12-14 12:02:16', null, null, null);
INSERT INTO `user_loginlog` VALUES ('689', '73', null, '2019-12-14 12:29:49', '2019-12-14 12:29:49', null, null, null);
INSERT INTO `user_loginlog` VALUES ('690', '117', null, '2019-12-14 13:06:01', '2019-12-14 13:06:01', null, null, null);
INSERT INTO `user_loginlog` VALUES ('691', '44', '中国70', '2019-12-14 18:39:38', '2019-12-14 18:39:38', null, null, null);
INSERT INTO `user_loginlog` VALUES ('692', '44', '中国70', '2019-12-14 21:20:23', '2019-12-14 21:20:23', null, null, null);
INSERT INTO `user_loginlog` VALUES ('693', '44', '中国70', '2019-12-14 21:20:34', '2019-12-14 21:20:34', null, null, null);
INSERT INTO `user_loginlog` VALUES ('694', '44', '中国70', '2019-12-14 21:20:46', '2019-12-14 21:20:46', null, null, null);
INSERT INTO `user_loginlog` VALUES ('695', '44', '中国70', '2019-12-14 21:21:30', '2019-12-14 21:21:30', null, null, null);
INSERT INTO `user_loginlog` VALUES ('696', '44', '中国70', '2019-12-14 21:23:45', '2019-12-14 21:23:45', null, null, null);
INSERT INTO `user_loginlog` VALUES ('697', '118', null, '2019-12-14 21:40:29', '2019-12-14 21:40:29', null, null, null);
INSERT INTO `user_loginlog` VALUES ('698', '44', '中国70', '2019-12-14 22:13:35', '2019-12-14 22:13:35', null, null, null);
INSERT INTO `user_loginlog` VALUES ('699', '44', '中国70', '2019-12-15 09:19:31', '2019-12-15 09:19:31', null, null, null);
INSERT INTO `user_loginlog` VALUES ('700', '102', null, '2019-12-15 09:33:52', '2019-12-15 09:33:52', null, null, null);
INSERT INTO `user_loginlog` VALUES ('701', '57', null, '2019-12-15 09:58:57', '2019-12-15 09:58:57', null, null, null);
INSERT INTO `user_loginlog` VALUES ('702', '119', null, '2019-12-15 11:19:05', '2019-12-15 11:19:05', null, null, null);
INSERT INTO `user_loginlog` VALUES ('703', '120', null, '2019-12-15 12:28:19', '2019-12-15 12:28:19', null, null, null);
INSERT INTO `user_loginlog` VALUES ('704', '121', null, '2019-12-15 13:39:54', '2019-12-15 13:39:54', null, null, null);
INSERT INTO `user_loginlog` VALUES ('705', '80', null, '2019-12-15 17:18:47', '2019-12-15 17:18:47', null, null, null);
INSERT INTO `user_loginlog` VALUES ('706', '44', '中国70', '2019-12-15 21:18:49', '2019-12-15 21:18:49', null, null, null);
INSERT INTO `user_loginlog` VALUES ('707', '44', '中国70', '2019-12-16 11:45:50', '2019-12-16 11:45:50', null, null, null);
INSERT INTO `user_loginlog` VALUES ('708', '44', '中国70', '2019-12-16 18:11:53', '2019-12-16 18:11:53', null, null, null);
INSERT INTO `user_loginlog` VALUES ('709', '44', '中国70', '2019-12-16 18:12:05', '2019-12-16 18:12:05', null, null, null);
INSERT INTO `user_loginlog` VALUES ('710', '44', '中国70', '2019-12-16 18:12:15', '2019-12-16 18:12:15', null, null, null);
INSERT INTO `user_loginlog` VALUES ('711', '44', '中国70', '2019-12-16 18:12:34', '2019-12-16 18:12:34', null, null, null);
INSERT INTO `user_loginlog` VALUES ('712', '44', '中国70', '2019-12-16 18:13:08', '2019-12-16 18:13:08', null, null, null);
INSERT INTO `user_loginlog` VALUES ('713', '44', '中国70', '2019-12-16 18:20:09', '2019-12-16 18:20:09', null, null, null);
INSERT INTO `user_loginlog` VALUES ('714', '122', null, '2019-12-17 15:03:26', '2019-12-17 15:03:26', null, null, null);
INSERT INTO `user_loginlog` VALUES ('715', '123', null, '2019-12-17 17:54:00', '2019-12-17 17:54:00', null, null, null);
INSERT INTO `user_loginlog` VALUES ('716', '124', null, '2019-12-17 23:13:47', '2019-12-17 23:13:47', null, null, null);
INSERT INTO `user_loginlog` VALUES ('717', '125', null, '2019-12-18 00:05:05', '2019-12-18 00:05:05', null, null, null);
INSERT INTO `user_loginlog` VALUES ('718', '126', null, '2019-12-18 00:12:55', '2019-12-18 00:12:55', null, null, null);
INSERT INTO `user_loginlog` VALUES ('719', '127', null, '2019-12-18 05:08:38', '2019-12-18 05:08:38', null, null, null);
INSERT INTO `user_loginlog` VALUES ('720', '128', null, '2019-12-18 09:21:57', '2019-12-18 09:21:57', null, null, null);
INSERT INTO `user_loginlog` VALUES ('721', '128', null, '2019-12-18 09:52:46', '2019-12-18 09:52:46', null, null, null);
INSERT INTO `user_loginlog` VALUES ('722', '129', null, '2019-12-18 09:52:58', '2019-12-18 09:52:58', null, null, null);
INSERT INTO `user_loginlog` VALUES ('723', '130', null, '2019-12-18 12:30:34', '2019-12-18 12:30:34', null, null, null);
INSERT INTO `user_loginlog` VALUES ('724', '69', null, '2019-12-18 12:39:07', '2019-12-18 12:39:07', null, null, null);
INSERT INTO `user_loginlog` VALUES ('725', '69', null, '2019-12-18 12:39:13', '2019-12-18 12:39:13', null, null, null);
INSERT INTO `user_loginlog` VALUES ('726', '69', null, '2019-12-18 12:39:16', '2019-12-18 12:39:16', null, null, null);
INSERT INTO `user_loginlog` VALUES ('727', '69', null, '2019-12-18 12:46:15', '2019-12-18 12:46:15', null, null, null);
INSERT INTO `user_loginlog` VALUES ('728', '69', null, '2019-12-18 12:48:04', '2019-12-18 12:48:04', null, null, null);
INSERT INTO `user_loginlog` VALUES ('729', '69', null, '2019-12-18 12:48:06', '2019-12-18 12:48:06', null, null, null);
INSERT INTO `user_loginlog` VALUES ('730', '69', null, '2019-12-18 12:48:09', '2019-12-18 12:48:09', null, null, null);
INSERT INTO `user_loginlog` VALUES ('731', '69', null, '2019-12-18 12:49:42', '2019-12-18 12:49:42', null, null, null);
INSERT INTO `user_loginlog` VALUES ('732', '69', null, '2019-12-18 12:49:45', '2019-12-18 12:49:45', null, null, null);
INSERT INTO `user_loginlog` VALUES ('733', '69', null, '2019-12-18 12:49:47', '2019-12-18 12:49:47', null, null, null);
INSERT INTO `user_loginlog` VALUES ('734', '131', null, '2019-12-18 12:58:57', '2019-12-18 12:58:57', null, null, null);
INSERT INTO `user_loginlog` VALUES ('735', '132', null, '2019-12-18 13:08:45', '2019-12-18 13:08:45', null, null, null);
INSERT INTO `user_loginlog` VALUES ('736', '133', null, '2019-12-18 13:46:27', '2019-12-18 13:46:27', null, null, null);
INSERT INTO `user_loginlog` VALUES ('737', '134', null, '2019-12-18 13:54:35', '2019-12-18 13:54:35', null, null, null);
INSERT INTO `user_loginlog` VALUES ('738', '135', null, '2019-12-18 16:27:00', '2019-12-18 16:27:00', null, null, null);
INSERT INTO `user_loginlog` VALUES ('739', '136', null, '2019-12-18 16:47:42', '2019-12-18 16:47:42', null, null, null);
INSERT INTO `user_loginlog` VALUES ('740', '137', null, '2019-12-18 18:41:38', '2019-12-18 18:41:38', null, null, null);
INSERT INTO `user_loginlog` VALUES ('741', '138', null, '2019-12-18 19:45:28', '2019-12-18 19:45:28', null, null, null);
INSERT INTO `user_loginlog` VALUES ('742', '139', null, '2019-12-18 21:41:54', '2019-12-18 21:41:54', null, null, null);
INSERT INTO `user_loginlog` VALUES ('743', '140', null, '2019-12-18 22:01:26', '2019-12-18 22:01:26', null, null, null);
INSERT INTO `user_loginlog` VALUES ('744', '141', null, '2019-12-18 23:48:03', '2019-12-18 23:48:03', null, null, null);
INSERT INTO `user_loginlog` VALUES ('745', '142', null, '2019-12-18 23:59:13', '2019-12-18 23:59:13', null, null, null);
INSERT INTO `user_loginlog` VALUES ('746', '143', null, '2019-12-19 10:39:10', '2019-12-19 10:39:10', null, null, null);
INSERT INTO `user_loginlog` VALUES ('747', '143', null, '2019-12-19 10:41:42', '2019-12-19 10:41:42', null, null, null);
INSERT INTO `user_loginlog` VALUES ('748', '144', null, '2019-12-19 10:42:43', '2019-12-19 10:42:43', null, null, null);
INSERT INTO `user_loginlog` VALUES ('749', '143', null, '2019-12-19 10:43:09', '2019-12-19 10:43:09', null, null, null);
INSERT INTO `user_loginlog` VALUES ('750', '145', null, '2019-12-19 12:57:26', '2019-12-19 12:57:26', null, null, null);
INSERT INTO `user_loginlog` VALUES ('751', '146', null, '2019-12-19 14:51:13', '2019-12-19 14:51:13', null, null, null);
INSERT INTO `user_loginlog` VALUES ('752', '147', null, '2019-12-19 15:38:19', '2019-12-19 15:38:19', null, null, null);
INSERT INTO `user_loginlog` VALUES ('753', '148', null, '2019-12-19 16:36:41', '2019-12-19 16:36:41', null, null, null);
INSERT INTO `user_loginlog` VALUES ('754', '149', null, '2019-12-19 16:43:09', '2019-12-19 16:43:09', null, null, null);
INSERT INTO `user_loginlog` VALUES ('755', '150', null, '2019-12-19 17:35:41', '2019-12-19 17:35:41', null, null, null);
INSERT INTO `user_loginlog` VALUES ('756', '151', null, '2019-12-19 21:55:49', '2019-12-19 21:55:49', null, null, null);
INSERT INTO `user_loginlog` VALUES ('757', '152', null, '2019-12-20 00:10:55', '2019-12-20 00:10:55', null, null, null);
INSERT INTO `user_loginlog` VALUES ('758', '152', null, '2019-12-20 07:00:12', '2019-12-20 07:00:12', null, null, null);
INSERT INTO `user_loginlog` VALUES ('759', '71', null, '2019-12-20 08:11:26', '2019-12-20 08:11:26', null, null, null);
INSERT INTO `user_loginlog` VALUES ('760', '152', null, '2019-12-20 08:47:10', '2019-12-20 08:47:10', null, null, null);
INSERT INTO `user_loginlog` VALUES ('761', '153', null, '2019-12-20 11:25:05', '2019-12-20 11:25:05', null, null, null);
INSERT INTO `user_loginlog` VALUES ('762', '84', 'Parish', '2019-12-20 13:30:54', '2019-12-20 13:30:54', null, null, null);
INSERT INTO `user_loginlog` VALUES ('763', '84', 'Parish', '2019-12-20 13:42:04', '2019-12-20 13:42:04', null, null, null);
INSERT INTO `user_loginlog` VALUES ('764', '154', null, '2019-12-20 14:01:44', '2019-12-20 14:01:44', null, null, null);
INSERT INTO `user_loginlog` VALUES ('765', '81', null, '2019-12-20 15:01:14', '2019-12-20 15:01:14', null, null, null);
INSERT INTO `user_loginlog` VALUES ('766', '155', null, '2019-12-20 16:12:27', '2019-12-20 16:12:27', null, null, null);
INSERT INTO `user_loginlog` VALUES ('767', '156', null, '2019-12-20 18:13:19', '2019-12-20 18:13:19', null, null, null);
INSERT INTO `user_loginlog` VALUES ('768', '157', null, '2019-12-21 02:40:03', '2019-12-21 02:40:03', null, null, null);
INSERT INTO `user_loginlog` VALUES ('769', '158', null, '2019-12-21 15:42:40', '2019-12-21 15:42:40', null, null, null);
INSERT INTO `user_loginlog` VALUES ('770', '106', null, '2019-12-21 22:16:36', '2019-12-21 22:16:36', null, null, null);
INSERT INTO `user_loginlog` VALUES ('771', '159', null, '2019-12-21 23:34:47', '2019-12-21 23:34:47', null, null, null);
INSERT INTO `user_loginlog` VALUES ('772', '123', null, '2019-12-22 04:28:58', '2019-12-22 04:28:58', null, null, null);
INSERT INTO `user_loginlog` VALUES ('773', '160', null, '2019-12-22 12:14:15', '2019-12-22 12:14:15', null, null, null);
INSERT INTO `user_loginlog` VALUES ('774', '161', null, '2019-12-22 15:37:08', '2019-12-22 15:37:08', null, null, null);
INSERT INTO `user_loginlog` VALUES ('775', '162', null, '2019-12-22 17:05:17', '2019-12-22 17:05:17', null, null, null);
INSERT INTO `user_loginlog` VALUES ('776', '149', null, '2019-12-22 17:12:29', '2019-12-22 17:12:29', null, null, null);
INSERT INTO `user_loginlog` VALUES ('777', '163', null, '2019-12-22 20:42:35', '2019-12-22 20:42:35', null, null, null);
INSERT INTO `user_loginlog` VALUES ('778', '164', null, '2019-12-22 20:45:50', '2019-12-22 20:45:50', null, null, null);
INSERT INTO `user_loginlog` VALUES ('779', '165', null, '2019-12-22 22:17:55', '2019-12-22 22:17:55', null, null, null);
INSERT INTO `user_loginlog` VALUES ('780', '166', null, '2019-12-22 23:46:43', '2019-12-22 23:46:43', null, null, null);
INSERT INTO `user_loginlog` VALUES ('781', '167', null, '2019-12-23 12:39:30', '2019-12-23 12:39:30', null, null, null);
INSERT INTO `user_loginlog` VALUES ('782', '22', null, '2019-12-23 14:44:35', '2019-12-23 14:44:35', null, null, null);
INSERT INTO `user_loginlog` VALUES ('783', '168', null, '2019-12-23 23:05:42', '2019-12-23 23:05:42', null, null, null);
INSERT INTO `user_loginlog` VALUES ('784', '169', null, '2019-12-23 23:06:38', '2019-12-23 23:06:38', null, null, null);
INSERT INTO `user_loginlog` VALUES ('785', '170', null, '2019-12-24 03:42:47', '2019-12-24 03:42:47', null, null, null);
INSERT INTO `user_loginlog` VALUES ('786', '171', null, '2019-12-24 19:46:01', '2019-12-24 19:46:01', null, null, null);
INSERT INTO `user_loginlog` VALUES ('787', '172', null, '2019-12-25 03:11:05', '2019-12-25 03:11:05', null, null, null);
INSERT INTO `user_loginlog` VALUES ('788', '173', null, '2019-12-25 10:29:22', '2019-12-25 10:29:22', null, null, null);
INSERT INTO `user_loginlog` VALUES ('789', '88', null, '2019-12-25 12:22:47', '2019-12-25 12:22:47', null, null, null);
INSERT INTO `user_loginlog` VALUES ('790', '174', null, '2019-12-25 13:54:52', '2019-12-25 13:54:52', null, null, null);
INSERT INTO `user_loginlog` VALUES ('791', '175', null, '2019-12-25 23:02:18', '2019-12-25 23:02:18', null, null, null);
INSERT INTO `user_loginlog` VALUES ('792', '176', null, '2019-12-26 12:38:20', '2019-12-26 12:38:20', null, null, null);
INSERT INTO `user_loginlog` VALUES ('793', '177', null, '2019-12-26 22:38:23', '2019-12-26 22:38:23', null, null, null);
INSERT INTO `user_loginlog` VALUES ('794', '63', null, '2019-12-26 22:40:28', '2019-12-26 22:40:28', null, null, null);
INSERT INTO `user_loginlog` VALUES ('795', '178', null, '2019-12-27 01:04:09', '2019-12-27 01:04:09', null, null, null);
INSERT INTO `user_loginlog` VALUES ('796', '179', null, '2019-12-27 02:27:51', '2019-12-27 02:27:51', null, null, null);
INSERT INTO `user_loginlog` VALUES ('797', '180', null, '2019-12-27 03:41:20', '2019-12-27 03:41:20', null, null, null);
INSERT INTO `user_loginlog` VALUES ('798', '112', null, '2019-12-27 09:55:38', '2019-12-27 09:55:38', null, null, null);
INSERT INTO `user_loginlog` VALUES ('799', '181', null, '2019-12-27 10:38:47', '2019-12-27 10:38:47', null, null, null);

-- ----------------------------
-- Table structure for user_uuid
-- ----------------------------
DROP TABLE IF EXISTS `user_uuid`;
CREATE TABLE `user_uuid` (
  `id` bigint(20) NOT NULL AUTO_INCREMENT,
  `uuid` varchar(64) DEFAULT NULL,
  `userID` bigint(20) DEFAULT NULL COMMENT '用户ID',
  `isVip` tinyint(2) DEFAULT NULL COMMENT '是否是VIP 0 不是 1 是',
  `uid` bigint(20) DEFAULT NULL COMMENT 'uuid表里的ID',
  `createDate` datetime DEFAULT NULL COMMENT '创建时间',
  `vmessID` bigint(20) DEFAULT NULL COMMENT '线路ID',
  `delFlag` tinyint(2) DEFAULT '0' COMMENT '是否删除  0 否 1 是',
  PRIMARY KEY (`id`),
  KEY `index_1` (`uuid`,`userID`)
) ENGINE=InnoDB AUTO_INCREMENT=200 DEFAULT CHARSET=utf8 COMMENT='用户分配线路 和uuid 记录表';

-- ----------------------------
-- Records of user_uuid
-- ----------------------------
INSERT INTO `user_uuid` VALUES ('19', '6454b042-a0e0-4a37-bad3-07e6915ab978', '18', '0', '724', '2019-09-04 18:11:06', '4', '0');
INSERT INTO `user_uuid` VALUES ('20', '3e5160fa-baa1-45b0-b744-42f739364731', '19', '0', '824', '2019-09-06 15:46:31', '4', '0');
INSERT INTO `user_uuid` VALUES ('21', '1de50aa6-df7f-46a4-a742-27b0e9c29d31', '20', '0', '725', '2019-09-10 13:04:39', '4', '0');
INSERT INTO `user_uuid` VALUES ('22', '8d05a8e8-dce6-41a6-91e4-b2ef106e670e', '21', '0', '726', '2019-09-10 17:00:50', '4', '0');
INSERT INTO `user_uuid` VALUES ('23', '47b0dba3-801f-4acb-bc32-f24c1e6fa366', '22', '0', '727', '2019-09-11 10:41:03', '4', '0');
INSERT INTO `user_uuid` VALUES ('24', '94c24cef-7994-4348-b1fe-63ed0cc842d0', '23', '0', '728', '2019-09-11 12:15:00', '4', '0');
INSERT INTO `user_uuid` VALUES ('25', '5e4a7562-420d-4c01-bd87-bd316be6884a', '24', '0', '729', '2019-09-17 10:25:35', '4', '0');
INSERT INTO `user_uuid` VALUES ('26', '6d0f2b84-ef10-49d1-97ca-6f8dc2521449', '25', '0', '730', '2019-09-17 11:27:56', '4', '0');
INSERT INTO `user_uuid` VALUES ('29', 'a52105a8-466d-4d9c-992f-20851c6ee6a8', '26', '0', '731', '2019-09-17 18:20:20', '4', '0');
INSERT INTO `user_uuid` VALUES ('30', 'fc180f86-ca13-46d4-b20a-bae52d040b59', '27', '0', '732', '2019-09-17 19:47:34', '4', '0');
INSERT INTO `user_uuid` VALUES ('31', '9d9c8668-5eaa-441a-ba78-5d85e39ba641', '28', '0', '733', '2019-09-17 19:48:26', '4', '0');
INSERT INTO `user_uuid` VALUES ('32', 'ac406f88-46fe-458e-9529-4f1244b47107', '29', '0', '734', '2019-09-17 22:26:35', '4', '0');
INSERT INTO `user_uuid` VALUES ('33', '0df558b2-a10c-4a5c-8897-6142cc333164', '30', '0', '735', '2019-09-17 22:39:44', '4', '0');
INSERT INTO `user_uuid` VALUES ('34', 'ca176f8b-e268-45c0-a89b-4a28983fe9f5', '31', '0', '736', '2019-09-17 22:55:10', '4', '0');
INSERT INTO `user_uuid` VALUES ('35', '37effb84-1ca8-4c9f-90e8-7bfe729d32dc', '32', '0', '737', '2019-09-17 22:57:12', '4', '0');
INSERT INTO `user_uuid` VALUES ('36', '536251e5-6dc0-4805-b068-939f155c654f', '33', '0', '738', '2019-09-18 00:50:53', '4', '0');
INSERT INTO `user_uuid` VALUES ('37', 'a6a5c483-3f64-40e2-a0be-94d040aebec5', '34', '0', '739', '2019-09-18 01:20:36', '4', '0');
INSERT INTO `user_uuid` VALUES ('38', '2be9358b-06e0-45e6-bf16-95c1fe065545', '35', '0', '740', '2019-09-18 01:44:24', '4', '0');
INSERT INTO `user_uuid` VALUES ('39', '6f208e2a-0013-4625-8098-3e60c7e972ae', '36', '0', '741', '2019-09-18 10:33:07', '4', '0');
INSERT INTO `user_uuid` VALUES ('40', '95d49905-988f-48e4-aa6c-d2a12bc6fbeb', '37', '0', '742', '2019-09-18 11:28:01', '4', '0');
INSERT INTO `user_uuid` VALUES ('41', 'ff0ee112-509f-4b79-8d04-06beb6572349', '38', '0', '743', '2019-09-18 11:32:04', '4', '0');
INSERT INTO `user_uuid` VALUES ('42', 'cc7da149-28b9-460a-b866-2bb7476bb124', '39', '0', '744', '2019-09-18 16:12:40', '4', '0');
INSERT INTO `user_uuid` VALUES ('43', 'e8b7e2a3-6877-4d74-8744-319ceab965d0', '40', '0', '745', '2019-09-18 16:19:46', '4', '0');
INSERT INTO `user_uuid` VALUES ('44', '5fb1fe8f-0d4c-4c03-a981-8f4a333f5572', '41', '0', '746', '2019-09-18 16:51:29', '4', '0');
INSERT INTO `user_uuid` VALUES ('45', 'eaafbed1-2fae-4cc5-bcc8-309d6d8623ac', '42', '0', '747', '2019-09-18 16:54:01', '4', '0');
INSERT INTO `user_uuid` VALUES ('46', '1b5f1356-ceb4-48a4-8d0e-e5c82ef5879c', '43', '0', '748', '2019-09-18 16:56:41', '4', '0');
INSERT INTO `user_uuid` VALUES ('47', 'eeae2b3c-d286-403e-8c8b-c0087911ef3a', '41', '1', '422', '2019-09-18 17:00:01', '1', '0');
INSERT INTO `user_uuid` VALUES ('48', '0f53afb8-dd75-439e-800e-439e2addb7ac', '42', '1', '423', '2019-09-18 17:01:23', '1', '1');
INSERT INTO `user_uuid` VALUES ('49', '6c1f1d0a-33c3-46f8-9f1b-16d4768cc770', '44', '0', '749', '2019-09-18 17:13:25', '4', '0');
INSERT INTO `user_uuid` VALUES ('50', 'e90a2ad6-a68e-4993-9d60-22451304ca91', '45', '0', '750', '2019-09-18 17:24:16', '4', '0');
INSERT INTO `user_uuid` VALUES ('53', '4b805e60-519d-40ab-9c09-b3c2d0ebbdb0', '47', '0', '752', '2019-09-18 17:29:32', '4', '0');
INSERT INTO `user_uuid` VALUES ('54', '20aaaa68-060a-41a6-8827-95609f759395', '45', '1', '425', '2019-09-18 17:30:43', '1', '1');
INSERT INTO `user_uuid` VALUES ('55', 'a18ed1d1-a12b-4b08-893c-7db9f0c3a045', '48', '0', '753', '2019-09-18 17:30:43', '4', '0');
INSERT INTO `user_uuid` VALUES ('56', '8593f631-df74-4e16-906d-b3fa0a06dee3', '48', '1', '426', '2019-09-18 17:34:38', '1', '0');
INSERT INTO `user_uuid` VALUES ('58', '351c165d-6fbd-4561-936f-992231caa9b9', '47', '1', '428', '2019-09-18 17:38:58', '1', '0');
INSERT INTO `user_uuid` VALUES ('59', 'e613baee-97f3-40f3-9df3-7dd2a196b320', '49', '0', '754', '2019-09-18 20:30:02', '4', '0');
INSERT INTO `user_uuid` VALUES ('60', '1ea910ab-7dbc-4e4f-a455-efc610ae6803', '50', '0', '755', '2019-09-18 20:46:09', '4', '0');
INSERT INTO `user_uuid` VALUES ('61', '074bc461-3598-4a33-96ac-d7c704b4590c', '51', '0', '756', '2019-09-19 18:22:34', '4', '0');
INSERT INTO `user_uuid` VALUES ('62', 'd8745d77-127c-43ea-aece-01634e9a7fb0', '52', '0', '757', '2019-09-20 17:09:01', '4', '0');
INSERT INTO `user_uuid` VALUES ('63', '1b5c7de6-d749-4eda-9430-1353392d1806', '52', '1', '429', '2019-09-20 17:12:40', '1', '1');
INSERT INTO `user_uuid` VALUES ('64', '8482d14b-ec49-4ba2-b3f9-c476ff5f78e2', '53', '0', '758', '2019-09-20 17:12:40', '4', '0');
INSERT INTO `user_uuid` VALUES ('65', '48779907-f8ee-43e3-ac06-59cdc8bbe219', '54', '0', '759', '2019-09-20 17:34:46', '4', '0');
INSERT INTO `user_uuid` VALUES ('66', '5624cc71-83ce-47f1-8f72-35caf822b495', '55', '0', '760', '2019-09-20 17:59:58', '4', '0');
INSERT INTO `user_uuid` VALUES ('67', '8da57dc2-9029-41fb-a3b6-2c8b1325da40', '44', '1', '430', '2019-09-20 19:30:15', '1', '1');
INSERT INTO `user_uuid` VALUES ('68', '5d58edbb-825b-4b87-8c0a-2b1ad8b8a45b', '56', '0', '761', '2019-09-20 19:30:15', '4', '0');
INSERT INTO `user_uuid` VALUES ('69', 'ad7b5194-0e77-4700-9a1e-07cdc785ac53', '55', '1', '431', '2019-09-21 11:10:41', '1', '0');
INSERT INTO `user_uuid` VALUES ('70', 'eba8cb96-4fc8-409a-9e36-f5d5abae4841', '57', '0', '762', '2019-09-21 11:10:41', '4', '0');
INSERT INTO `user_uuid` VALUES ('71', 'b1326531-d144-4cea-9e9e-8c55ed8978eb', '58', '0', '763', '2019-09-25 16:34:39', '4', '0');
INSERT INTO `user_uuid` VALUES ('72', '0d16144d-b61d-481e-b90e-73049a0697cc', '59', '0', '764', '2019-09-26 10:58:18', '4', '0');
INSERT INTO `user_uuid` VALUES ('73', 'f626f7d7-98fb-46c4-83f9-26767c5bf22f', '60', '0', '765', '2019-09-26 16:15:12', '4', '0');
INSERT INTO `user_uuid` VALUES ('74', '32df3b19-4f0a-4d4d-ba54-87b992cb0915', '61', '0', '766', '2019-09-30 16:28:05', '4', '0');
INSERT INTO `user_uuid` VALUES ('75', 'ddc1379b-4ce4-4814-bff8-9623445020c8', '62', '0', '767', '2019-10-04 23:31:41', '4', '0');
INSERT INTO `user_uuid` VALUES ('76', 'c8e2129b-733d-42e9-8ecb-ef4479fb9071', '63', '0', '768', '2019-10-12 16:24:48', '4', '0');
INSERT INTO `user_uuid` VALUES ('77', 'cfa3351b-9125-4600-a740-1061bd163caf', '64', '0', '769', '2019-10-12 16:28:36', '4', '0');
INSERT INTO `user_uuid` VALUES ('78', 'c66ec336-cd56-4b5b-89f2-7df2b20d4f5f', '65', '0', '770', '2019-10-12 17:51:01', '4', '0');
INSERT INTO `user_uuid` VALUES ('79', 'fe8638be-e099-4c20-81ad-519d30843ce2', '66', '0', '771', '2019-10-14 15:50:32', '4', '0');
INSERT INTO `user_uuid` VALUES ('80', '158fe98c-9941-43d3-930d-0cf9082d70e6', '66', '1', '432', '2019-10-14 16:25:39', '1', '1');
INSERT INTO `user_uuid` VALUES ('81', 'd8e9af78-e973-4db2-a36a-f177f0e780dd', '67', '0', '772', '2019-10-14 16:25:39', '4', '0');
INSERT INTO `user_uuid` VALUES ('82', '39ee10fe-d346-4ffa-9a5e-e3df6a3622b8', '68', '0', '773', '2019-10-14 19:18:15', '4', '0');
INSERT INTO `user_uuid` VALUES ('83', '7d4acf7d-eb9c-4116-ad4b-23fc74a602c1', '69', '0', '774', '2019-10-15 20:22:44', '4', '0');
INSERT INTO `user_uuid` VALUES ('84', '7ea47744-ca13-4751-ad3d-15f025076212', '70', '0', '775', '2019-10-16 21:25:20', '4', '0');
INSERT INTO `user_uuid` VALUES ('85', 'a8f7b3f3-fdc6-4e3d-b556-0fa2b55074bc', '71', '0', '776', '2019-10-17 17:29:51', '4', '0');
INSERT INTO `user_uuid` VALUES ('86', '95a38149-116c-4634-94d9-80d62edfd27f', '72', '0', '777', '2019-10-17 18:16:06', '4', '0');
INSERT INTO `user_uuid` VALUES ('87', 'd6114535-7bd5-448c-9427-eceb306be0fe', '73', '0', '778', '2019-10-17 21:47:41', '4', '0');
INSERT INTO `user_uuid` VALUES ('88', '98a00705-d552-4c8d-8be9-0dbb7553b470', '74', '0', '779', '2019-10-17 21:55:53', '4', '0');
INSERT INTO `user_uuid` VALUES ('89', 'e6af1ebd-9bf2-4ba0-99a2-1b7c8f12cd02', '75', '0', '780', '2019-10-20 18:52:27', '4', '0');
INSERT INTO `user_uuid` VALUES ('90', '73884f72-6a04-4a44-ab57-22bb62f44be7', '76', '0', '781', '2019-10-24 21:09:20', '4', '0');
INSERT INTO `user_uuid` VALUES ('91', '23c60ddb-537a-499c-863d-df82a6868f08', '77', '0', '782', '2019-10-28 13:30:07', '4', '0');
INSERT INTO `user_uuid` VALUES ('92', 'cdfdba8a-a373-43bc-92de-dfda86b5a8a2', '78', '0', '783', '2019-10-28 17:18:43', '4', '0');
INSERT INTO `user_uuid` VALUES ('93', '2d9b4e55-4bef-4fe1-a363-db47f1ba3e0a', '79', '0', '784', '2019-10-28 21:34:24', '4', '0');
INSERT INTO `user_uuid` VALUES ('94', '7d379c8c-e6ff-4eec-a9d6-c6e5318d54c1', '80', '0', '785', '2019-10-29 14:27:05', '4', '0');
INSERT INTO `user_uuid` VALUES ('95', '8c5be57a-f945-4419-99ab-5f9c5e8ae606', '81', '0', '786', '2019-10-30 14:43:16', '4', '0');
INSERT INTO `user_uuid` VALUES ('96', '4e177412-d9db-47db-97f7-2878ca3a5f7b', '82', '0', '787', '2019-10-30 15:11:22', '4', '0');
INSERT INTO `user_uuid` VALUES ('97', '259310b7-86dd-4c7b-be8e-8a072e8c976e', '83', '0', '788', '2019-10-30 16:54:20', '4', '0');
INSERT INTO `user_uuid` VALUES ('98', '22558689-ab77-4381-9420-9b4223c10602', '84', '0', '789', '2019-10-31 08:37:34', '4', '0');
INSERT INTO `user_uuid` VALUES ('99', '159eb9fd-16af-4f9d-8978-b0ca4c953551', '85', '0', '790', '2019-10-31 16:32:00', '4', '0');
INSERT INTO `user_uuid` VALUES ('100', 'c38f6712-e0de-4c6b-afec-131ba8b6e994', '86', '0', '791', '2019-10-31 23:03:28', '4', '0');
INSERT INTO `user_uuid` VALUES ('101', '9073aed4-851d-4f0d-9c14-be931172e2c5', '87', '0', '792', '2019-11-01 20:48:57', '4', '0');
INSERT INTO `user_uuid` VALUES ('102', '0e0c0037-28e4-4bc1-a0c9-ea68a2fa39dd', '88', '0', '793', '2019-11-01 22:19:54', '4', '0');
INSERT INTO `user_uuid` VALUES ('103', '8207cc63-1795-4853-b7ac-57882f6ca562', '89', '0', '794', '2019-11-02 00:14:19', '4', '0');
INSERT INTO `user_uuid` VALUES ('104', '40c50e8e-1c6a-454f-a08c-e330f3d52130', '90', '0', '795', '2019-11-03 10:52:02', '4', '0');
INSERT INTO `user_uuid` VALUES ('105', 'c666b611-b95e-4f2d-a8e4-07d7e000867e', '91', '0', '796', '2019-11-03 20:27:26', '4', '0');
INSERT INTO `user_uuid` VALUES ('106', '2b0643cd-190c-4e72-baff-c4400547309d', '92', '0', '797', '2019-11-03 22:59:18', '4', '0');
INSERT INTO `user_uuid` VALUES ('107', '21fb84fa-9e18-4a55-83ac-1373dd281b0a', '93', '0', '798', '2019-11-05 12:23:26', '4', '0');
INSERT INTO `user_uuid` VALUES ('108', 'bbab843c-7cc1-49df-a3ac-e37606556cf4', '93', '1', '433', '2019-11-05 12:29:23', '1', '1');
INSERT INTO `user_uuid` VALUES ('109', '06ff7cb8-f080-43cf-8355-7ad8865676f2', '94', '0', '799', '2019-11-05 12:29:23', '4', '0');
INSERT INTO `user_uuid` VALUES ('110', 'c0f51666-f65d-4475-b972-2a104fe25e16', '95', '0', '800', '2019-11-05 15:16:45', '4', '0');
INSERT INTO `user_uuid` VALUES ('111', '39cea305-25b9-4170-bd0c-7b57761dbeb3', '96', '0', '801', '2019-11-06 16:24:30', '4', '0');
INSERT INTO `user_uuid` VALUES ('112', '3881ccec-c56d-486a-af1e-27edaf1be555', '97', '0', '802', '2019-11-06 20:43:29', '4', '0');
INSERT INTO `user_uuid` VALUES ('113', 'cef54fb2-70db-4fe2-a02f-d1e1d40e68a5', '98', '0', '803', '2019-11-07 21:32:52', '4', '0');
INSERT INTO `user_uuid` VALUES ('114', 'dc18f805-315b-4ec7-8f3c-885139d7daa8', '99', '0', '804', '2019-11-08 23:44:21', '4', '0');
INSERT INTO `user_uuid` VALUES ('115', '2692b51a-4bb7-49ee-a359-ba7afab9762c', '59', '1', '434', '2019-11-14 23:02:15', '1', '1');
INSERT INTO `user_uuid` VALUES ('116', '67df2fc4-7758-4e83-a51e-bf23dc7bc7b8', '100', '0', '805', '2019-11-14 23:02:15', '4', '0');
INSERT INTO `user_uuid` VALUES ('117', 'e432b9cf-cda9-4266-80c4-64e50125698b', '101', '0', '806', '2019-11-15 15:12:26', '4', '0');
INSERT INTO `user_uuid` VALUES ('118', '1be658ff-ecff-4105-a576-6472f11cdb75', '102', '0', '807', '2019-11-16 17:20:33', '4', '0');
INSERT INTO `user_uuid` VALUES ('119', 'da5da53f-ac2d-48f8-bd38-f8b3a68cf2fb', '103', '0', '808', '2019-11-18 21:57:24', '4', '0');
INSERT INTO `user_uuid` VALUES ('120', '20ca7671-4128-4657-aa0d-50d5826c25d7', '104', '0', '809', '2019-11-20 10:54:29', '4', '0');
INSERT INTO `user_uuid` VALUES ('121', 'fd3cb47d-492a-4211-bf0d-99fb93cfc775', '105', '0', '810', '2019-11-20 12:17:25', '4', '0');
INSERT INTO `user_uuid` VALUES ('122', 'aa1646d5-4a28-426c-ba3f-8754afa79e87', '106', '0', '811', '2019-11-21 21:16:59', '4', '0');
INSERT INTO `user_uuid` VALUES ('123', '5d20e42b-5c4d-492d-8faf-0a5192adfd3f', '107', '0', '812', '2019-11-22 01:39:04', '4', '0');
INSERT INTO `user_uuid` VALUES ('124', '89efca33-05a9-4aec-b2e9-5aab925c91d0', '108', '0', '813', '2019-11-26 16:25:54', '4', '0');
INSERT INTO `user_uuid` VALUES ('125', '50d6640d-7fdc-4e76-af92-4808f6c247d8', '109', '0', '814', '2019-11-27 20:37:17', '4', '0');
INSERT INTO `user_uuid` VALUES ('126', 'ec11140b-4a42-4b56-817c-df4b2dde9900', '109', '1', '435', '2019-11-27 20:59:08', '1', '1');
INSERT INTO `user_uuid` VALUES ('127', '9d919abd-ecfd-48ea-84fc-cf1bc1988c37', '110', '0', '815', '2019-11-27 20:59:08', '4', '0');
INSERT INTO `user_uuid` VALUES ('128', '9d919abd-ecfd-48ea-84fc-cf1bc1988c37', '111', '0', '815', '2019-11-27 20:59:08', '4', '0');
INSERT INTO `user_uuid` VALUES ('129', 'c1781528-4ab4-490b-af2c-bae1673edce2', '112', '0', '816', '2019-12-07 15:03:07', '4', '0');
INSERT INTO `user_uuid` VALUES ('130', '3d95edf8-5d5f-4623-9fd6-12617646fc1b', '113', '0', '817', '2019-12-08 00:19:47', '4', '0');
INSERT INTO `user_uuid` VALUES ('131', 'd652062b-247e-49be-8991-31a24128ac2a', '114', '0', '818', '2019-12-09 11:47:50', '4', '0');
INSERT INTO `user_uuid` VALUES ('132', '3fcfe35e-ab29-4370-8cbe-701b64f0e1f2', '115', '0', '819', '2019-12-09 15:03:34', '4', '0');
INSERT INTO `user_uuid` VALUES ('133', '06b9f099-85bd-47d6-883a-8c3cd05aee49', '116', '0', '820', '2019-12-09 23:14:12', '4', '0');
INSERT INTO `user_uuid` VALUES ('134', 'd411bbf1-f797-4434-ac69-2f5309ac52a7', '117', '0', '821', '2019-12-13 15:00:39', '4', '0');
INSERT INTO `user_uuid` VALUES ('135', 'aba2b18b-7ced-475b-b683-a24e2a505432', '118', '0', '822', '2019-12-14 21:40:25', '4', '0');
INSERT INTO `user_uuid` VALUES ('136', 'cb4ce39b-62b2-4fbd-95e7-e08fac6dc04b', '119', '0', '823', '2019-12-15 11:19:01', '4', '0');
INSERT INTO `user_uuid` VALUES ('137', '6454b042-a0e0-4a37-bad3-07e6915ab978', '120', '0', '724', '2019-12-15 12:28:16', '4', '0');
INSERT INTO `user_uuid` VALUES ('138', '3e5160fa-baa1-45b0-b744-42f739364731', '121', '0', '824', '2019-12-15 13:39:52', '4', '0');
INSERT INTO `user_uuid` VALUES ('139', '1de50aa6-df7f-46a4-a742-27b0e9c29d31', '122', '0', '725', '2019-12-17 15:03:24', '4', '0');
INSERT INTO `user_uuid` VALUES ('140', '8d05a8e8-dce6-41a6-91e4-b2ef106e670e', '123', '0', '726', '2019-12-17 17:53:58', '4', '0');
INSERT INTO `user_uuid` VALUES ('141', '47b0dba3-801f-4acb-bc32-f24c1e6fa366', '124', '0', '727', '2019-12-17 23:13:45', '4', '0');
INSERT INTO `user_uuid` VALUES ('142', '94c24cef-7994-4348-b1fe-63ed0cc842d0', '125', '0', '728', '2019-12-18 00:05:03', '4', '0');
INSERT INTO `user_uuid` VALUES ('143', '5e4a7562-420d-4c01-bd87-bd316be6884a', '126', '0', '729', '2019-12-18 00:12:52', '4', '0');
INSERT INTO `user_uuid` VALUES ('144', '6d0f2b84-ef10-49d1-97ca-6f8dc2521449', '127', '0', '730', '2019-12-18 05:08:34', '4', '0');
INSERT INTO `user_uuid` VALUES ('145', 'a52105a8-466d-4d9c-992f-20851c6ee6a8', '128', '0', '731', '2019-12-18 09:21:55', '4', '0');
INSERT INTO `user_uuid` VALUES ('146', 'fc180f86-ca13-46d4-b20a-bae52d040b59', '129', '0', '732', '2019-12-18 09:52:56', '4', '0');
INSERT INTO `user_uuid` VALUES ('147', '9d9c8668-5eaa-441a-ba78-5d85e39ba641', '130', '0', '733', '2019-12-18 12:30:29', '4', '0');
INSERT INTO `user_uuid` VALUES ('148', 'ac406f88-46fe-458e-9529-4f1244b47107', '131', '0', '734', '2019-12-18 12:58:55', '4', '0');
INSERT INTO `user_uuid` VALUES ('149', '0df558b2-a10c-4a5c-8897-6142cc333164', '132', '0', '735', '2019-12-18 13:08:40', '4', '0');
INSERT INTO `user_uuid` VALUES ('150', 'ca176f8b-e268-45c0-a89b-4a28983fe9f5', '133', '0', '736', '2019-12-18 13:46:22', '4', '0');
INSERT INTO `user_uuid` VALUES ('151', '37effb84-1ca8-4c9f-90e8-7bfe729d32dc', '134', '0', '737', '2019-12-18 13:54:33', '4', '0');
INSERT INTO `user_uuid` VALUES ('152', '536251e5-6dc0-4805-b068-939f155c654f', '135', '0', '738', '2019-12-18 16:26:58', '4', '0');
INSERT INTO `user_uuid` VALUES ('153', 'a6a5c483-3f64-40e2-a0be-94d040aebec5', '136', '0', '739', '2019-12-18 16:47:40', '4', '0');
INSERT INTO `user_uuid` VALUES ('154', '2be9358b-06e0-45e6-bf16-95c1fe065545', '137', '0', '740', '2019-12-18 18:41:36', '4', '0');
INSERT INTO `user_uuid` VALUES ('155', '6f208e2a-0013-4625-8098-3e60c7e972ae', '138', '0', '741', '2019-12-18 19:45:25', '4', '0');
INSERT INTO `user_uuid` VALUES ('156', '95d49905-988f-48e4-aa6c-d2a12bc6fbeb', '139', '0', '742', '2019-12-18 21:41:52', '4', '0');
INSERT INTO `user_uuid` VALUES ('157', 'ff0ee112-509f-4b79-8d04-06beb6572349', '140', '0', '743', '2019-12-18 22:01:22', '4', '0');
INSERT INTO `user_uuid` VALUES ('158', 'cc7da149-28b9-460a-b866-2bb7476bb124', '141', '0', '744', '2019-12-18 23:48:01', '4', '0');
INSERT INTO `user_uuid` VALUES ('159', 'e8b7e2a3-6877-4d74-8744-319ceab965d0', '142', '0', '745', '2019-12-18 23:59:11', '4', '0');
INSERT INTO `user_uuid` VALUES ('160', '5fb1fe8f-0d4c-4c03-a981-8f4a333f5572', '143', '0', '746', '2019-12-19 10:39:08', '4', '0');
INSERT INTO `user_uuid` VALUES ('161', 'e5a2c170-9648-4d24-b4ed-1d1874c4cd0d', '143', '1', '436', '2019-12-19 10:42:41', '1', '0');
INSERT INTO `user_uuid` VALUES ('162', 'eaafbed1-2fae-4cc5-bcc8-309d6d8623ac', '144', '0', '747', '2019-12-19 10:42:41', '4', '0');
INSERT INTO `user_uuid` VALUES ('163', '1b5f1356-ceb4-48a4-8d0e-e5c82ef5879c', '145', '0', '748', '2019-12-19 12:57:22', '4', '0');
INSERT INTO `user_uuid` VALUES ('164', '6c1f1d0a-33c3-46f8-9f1b-16d4768cc770', '146', '0', '749', '2019-12-19 14:51:12', '4', '0');
INSERT INTO `user_uuid` VALUES ('165', 'e90a2ad6-a68e-4993-9d60-22451304ca91', '147', '0', '750', '2019-12-19 15:38:17', '4', '0');
INSERT INTO `user_uuid` VALUES ('166', '1fa300ea-e33d-4eec-9435-749887926618', '148', '0', '751', '2019-12-19 16:36:37', '4', '0');
INSERT INTO `user_uuid` VALUES ('167', '4b805e60-519d-40ab-9c09-b3c2d0ebbdb0', '149', '0', '752', '2019-12-19 16:43:06', '4', '0');
INSERT INTO `user_uuid` VALUES ('168', 'a18ed1d1-a12b-4b08-893c-7db9f0c3a045', '150', '0', '753', '2019-12-19 17:35:39', '4', '0');
INSERT INTO `user_uuid` VALUES ('169', 'e613baee-97f3-40f3-9df3-7dd2a196b320', '151', '0', '754', '2019-12-19 21:55:47', '4', '0');
INSERT INTO `user_uuid` VALUES ('170', '1ea910ab-7dbc-4e4f-a455-efc610ae6803', '152', '0', '755', '2019-12-20 00:10:52', '4', '0');
INSERT INTO `user_uuid` VALUES ('171', '074bc461-3598-4a33-96ac-d7c704b4590c', '153', '0', '756', '2019-12-20 11:25:02', '4', '0');
INSERT INTO `user_uuid` VALUES ('172', 'd8745d77-127c-43ea-aece-01634e9a7fb0', '154', '0', '757', '2019-12-20 14:01:41', '4', '0');
INSERT INTO `user_uuid` VALUES ('173', '8482d14b-ec49-4ba2-b3f9-c476ff5f78e2', '155', '0', '758', '2019-12-20 16:12:25', '4', '0');
INSERT INTO `user_uuid` VALUES ('174', '48779907-f8ee-43e3-ac06-59cdc8bbe219', '156', '0', '759', '2019-12-20 18:13:16', '4', '0');
INSERT INTO `user_uuid` VALUES ('175', '5624cc71-83ce-47f1-8f72-35caf822b495', '157', '0', '760', '2019-12-21 02:40:01', '4', '0');
INSERT INTO `user_uuid` VALUES ('176', '5d58edbb-825b-4b87-8c0a-2b1ad8b8a45b', '158', '0', '761', '2019-12-21 15:42:36', '4', '0');
INSERT INTO `user_uuid` VALUES ('177', 'eba8cb96-4fc8-409a-9e36-f5d5abae4841', '159', '0', '762', '2019-12-21 23:34:44', '4', '0');
INSERT INTO `user_uuid` VALUES ('178', 'b1326531-d144-4cea-9e9e-8c55ed8978eb', '160', '0', '763', '2019-12-22 12:14:12', '4', '0');
INSERT INTO `user_uuid` VALUES ('179', '0d16144d-b61d-481e-b90e-73049a0697cc', '161', '0', '764', '2019-12-22 15:37:06', '4', '0');
INSERT INTO `user_uuid` VALUES ('180', 'f626f7d7-98fb-46c4-83f9-26767c5bf22f', '162', '0', '765', '2019-12-22 17:05:15', '4', '0');
INSERT INTO `user_uuid` VALUES ('181', '32df3b19-4f0a-4d4d-ba54-87b992cb0915', '163', '0', '766', '2019-12-22 20:42:28', '4', '0');
INSERT INTO `user_uuid` VALUES ('182', 'ddc1379b-4ce4-4814-bff8-9623445020c8', '164', '0', '767', '2019-12-22 20:45:47', '4', '0');
INSERT INTO `user_uuid` VALUES ('183', 'c8e2129b-733d-42e9-8ecb-ef4479fb9071', '165', '0', '768', '2019-12-22 22:17:52', '4', '0');
INSERT INTO `user_uuid` VALUES ('184', 'cfa3351b-9125-4600-a740-1061bd163caf', '166', '0', '769', '2019-12-22 23:46:41', '4', '0');
INSERT INTO `user_uuid` VALUES ('185', 'c66ec336-cd56-4b5b-89f2-7df2b20d4f5f', '167', '0', '770', '2019-12-23 12:39:26', '4', '0');
INSERT INTO `user_uuid` VALUES ('186', 'fe8638be-e099-4c20-81ad-519d30843ce2', '168', '0', '771', '2019-12-23 23:05:39', '4', '0');
INSERT INTO `user_uuid` VALUES ('187', 'd8e9af78-e973-4db2-a36a-f177f0e780dd', '169', '0', '772', '2019-12-23 23:06:36', '4', '0');
INSERT INTO `user_uuid` VALUES ('188', '39ee10fe-d346-4ffa-9a5e-e3df6a3622b8', '170', '0', '773', '2019-12-24 03:42:44', '4', '0');
INSERT INTO `user_uuid` VALUES ('189', '7d4acf7d-eb9c-4116-ad4b-23fc74a602c1', '171', '0', '774', '2019-12-24 19:45:56', '4', '0');
INSERT INTO `user_uuid` VALUES ('190', '7ea47744-ca13-4751-ad3d-15f025076212', '172', '0', '775', '2019-12-25 03:10:59', '4', '0');
INSERT INTO `user_uuid` VALUES ('191', 'a8f7b3f3-fdc6-4e3d-b556-0fa2b55074bc', '173', '0', '776', '2019-12-25 10:29:20', '4', '0');
INSERT INTO `user_uuid` VALUES ('192', '95a38149-116c-4634-94d9-80d62edfd27f', '174', '0', '777', '2019-12-25 13:54:49', '4', '0');
INSERT INTO `user_uuid` VALUES ('193', 'd6114535-7bd5-448c-9427-eceb306be0fe', '175', '0', '778', '2019-12-25 23:02:16', '4', '0');
INSERT INTO `user_uuid` VALUES ('194', '98a00705-d552-4c8d-8be9-0dbb7553b470', '176', '0', '779', '2019-12-26 12:38:14', '4', '0');
INSERT INTO `user_uuid` VALUES ('195', 'e6af1ebd-9bf2-4ba0-99a2-1b7c8f12cd02', '177', '0', '780', '2019-12-26 22:38:20', '4', '0');
INSERT INTO `user_uuid` VALUES ('196', '73884f72-6a04-4a44-ab57-22bb62f44be7', '178', '0', '781', '2019-12-27 01:04:08', '4', '0');
INSERT INTO `user_uuid` VALUES ('197', '23c60ddb-537a-499c-863d-df82a6868f08', '179', '0', '782', '2019-12-27 02:27:49', '4', '0');
INSERT INTO `user_uuid` VALUES ('198', 'cdfdba8a-a373-43bc-92de-dfda86b5a8a2', '180', '0', '783', '2019-12-27 03:41:18', '4', '0');
INSERT INTO `user_uuid` VALUES ('199', '2d9b4e55-4bef-4fe1-a363-db47f1ba3e0a', '181', '0', '784', '2019-12-27 10:38:45', '4', '0');

-- ----------------------------
-- Table structure for user_vmess
-- ----------------------------
DROP TABLE IF EXISTS `user_vmess`;
CREATE TABLE `user_vmess` (
  `id` bigint(20) NOT NULL AUTO_INCREMENT COMMENT '主键自增',
  `vmessID` bigint(20) DEFAULT NULL COMMENT '线路ID',
  `userID` bigint(20) DEFAULT NULL COMMENT '用户ID',
  `createDate` datetime DEFAULT NULL COMMENT '创建时间',
  PRIMARY KEY (`id`),
  KEY `index_1` (`vmessID`,`userID`)
) ENGINE=InnoDB DEFAULT CHARSET=utf8 COMMENT='用户分配线路记录表';

-- ----------------------------
-- Records of user_vmess
-- ----------------------------

-- ----------------------------
-- Table structure for uuid
-- ----------------------------
DROP TABLE IF EXISTS `uuid`;
CREATE TABLE `uuid` (
  `id` bigint(20) NOT NULL AUTO_INCREMENT COMMENT '主键自增',
  `uuid` varchar(64) DEFAULT NULL COMMENT 'UUID',
  `vmessID` bigint(20) DEFAULT NULL COMMENT '节点，线路ID  关联 vmess表的ID',
  `isVip` tinyint(2) DEFAULT NULL COMMENT '是否是VIP 0 不是  1 是',
  `isEnable` tinyint(2) DEFAULT NULL COMMENT '是否启用 0 未启用 1 启用',
  `useTimes` int(11) DEFAULT '0' COMMENT 'uuid 分配次数',
  PRIMARY KEY (`id`),
  KEY `index_1` (`uuid`,`vmessID`)
) ENGINE=InnoDB AUTO_INCREMENT=825 DEFAULT CHARSET=utf8;

-- ----------------------------
-- Records of uuid
-- ----------------------------
INSERT INTO `uuid` VALUES ('421', '0d91fcec-adf8-4d67-b78a-ae8811a2e06e', '1', '1', '0', '1');
INSERT INTO `uuid` VALUES ('422', 'eeae2b3c-d286-403e-8c8b-c0087911ef3a', '1', '1', '0', '1');
INSERT INTO `uuid` VALUES ('423', '0f53afb8-dd75-439e-800e-439e2addb7ac', '1', '1', '0', '1');
INSERT INTO `uuid` VALUES ('424', '7a354705-1a2c-40be-b63b-2283aaf0e377', '1', '1', '0', '1');
INSERT INTO `uuid` VALUES ('425', '20aaaa68-060a-41a6-8827-95609f759395', '1', '1', '0', '1');
INSERT INTO `uuid` VALUES ('426', '8593f631-df74-4e16-906d-b3fa0a06dee3', '1', '1', '0', '1');
INSERT INTO `uuid` VALUES ('427', '80ac22b5-0426-4d8d-a9ff-ce63658673e4', '1', '1', '0', '1');
INSERT INTO `uuid` VALUES ('428', '351c165d-6fbd-4561-936f-992231caa9b9', '1', '1', '0', '1');
INSERT INTO `uuid` VALUES ('429', '1b5c7de6-d749-4eda-9430-1353392d1806', '1', '1', '0', '1');
INSERT INTO `uuid` VALUES ('430', '8da57dc2-9029-41fb-a3b6-2c8b1325da40', '1', '1', '0', '1');
INSERT INTO `uuid` VALUES ('431', 'ad7b5194-0e77-4700-9a1e-07cdc785ac53', '1', '1', '0', '1');
INSERT INTO `uuid` VALUES ('432', '158fe98c-9941-43d3-930d-0cf9082d70e6', '1', '1', '0', '1');
INSERT INTO `uuid` VALUES ('433', 'bbab843c-7cc1-49df-a3ac-e37606556cf4', '1', '1', '0', '1');
INSERT INTO `uuid` VALUES ('434', '2692b51a-4bb7-49ee-a359-ba7afab9762c', '1', '1', '0', '1');
INSERT INTO `uuid` VALUES ('435', 'ec11140b-4a42-4b56-817c-df4b2dde9900', '1', '1', '0', '1');
INSERT INTO `uuid` VALUES ('436', 'e5a2c170-9648-4d24-b4ed-1d1874c4cd0d', '1', '1', '0', '1');
INSERT INTO `uuid` VALUES ('437', '578a84dc-5d13-46d6-a850-6aa725cbd2f8', '1', '1', '0', '0');
INSERT INTO `uuid` VALUES ('438', '2d0b0c6a-cd31-453f-871e-f4cae52361b7', '1', '1', '0', '0');
INSERT INTO `uuid` VALUES ('439', 'f7954e11-4646-4496-a0ca-0b35d197f5a2', '1', '1', '0', '0');
INSERT INTO `uuid` VALUES ('440', '264d4679-cdfd-4e43-a4de-b6dd57d2100b', '1', '1', '0', '0');
INSERT INTO `uuid` VALUES ('441', '607735a6-4fa1-4195-a98f-3ee0764ad210', '1', '1', '0', '0');
INSERT INTO `uuid` VALUES ('442', 'b5116dc3-a1e3-48a0-aa9b-77c0fe98aca3', '1', '1', '0', '0');
INSERT INTO `uuid` VALUES ('443', 'c2afc18d-1840-4bb7-95c2-0729a3addd9b', '1', '1', '0', '0');
INSERT INTO `uuid` VALUES ('444', 'a1310144-91db-4346-9ade-88761d62973f', '1', '1', '0', '0');
INSERT INTO `uuid` VALUES ('445', 'd560cced-a077-46dd-af3b-01cd1e9e0c78', '1', '1', '0', '0');
INSERT INTO `uuid` VALUES ('446', '19b71846-1e4e-4b4f-a32a-606eb18400ad', '1', '1', '0', '0');
INSERT INTO `uuid` VALUES ('447', '6b8c213e-3bc0-4414-87a4-b56ec5986161', '1', '1', '0', '0');
INSERT INTO `uuid` VALUES ('448', '2ecdf030-6537-4f4f-878c-8954ff060878', '1', '1', '0', '0');
INSERT INTO `uuid` VALUES ('449', '05d32d43-c249-460d-8110-333027a89b5c', '1', '1', '0', '0');
INSERT INTO `uuid` VALUES ('450', '08570254-35d6-4667-a6b9-975f6d244272', '1', '1', '0', '0');
INSERT INTO `uuid` VALUES ('451', 'fe448fc3-4ef8-4e39-9a5e-443acde696e2', '1', '1', '0', '0');
INSERT INTO `uuid` VALUES ('452', 'fdecec90-fffd-4cef-90bb-83e0559304b5', '1', '1', '0', '0');
INSERT INTO `uuid` VALUES ('453', '9c57d1fe-9598-4ac7-a9f5-0db339f57eb5', '1', '1', '0', '0');
INSERT INTO `uuid` VALUES ('454', 'c48d54da-4576-46bd-9c2e-babdbbb68ffc', '1', '1', '0', '0');
INSERT INTO `uuid` VALUES ('455', '40a96f96-a60e-47a9-8d47-5831b12c5a58', '1', '1', '0', '0');
INSERT INTO `uuid` VALUES ('456', '4bdf2947-9f15-473f-9c94-261841a658ad', '1', '1', '0', '0');
INSERT INTO `uuid` VALUES ('457', '6b37dee7-ab7f-4c6b-916e-e750895839e3', '1', '1', '0', '0');
INSERT INTO `uuid` VALUES ('458', '1b453b14-ffe2-4919-aba8-a2f0b884fa63', '1', '1', '0', '0');
INSERT INTO `uuid` VALUES ('459', '9e06ecf1-0887-470c-907a-466bf05c7b41', '1', '1', '0', '0');
INSERT INTO `uuid` VALUES ('460', '0df28847-a982-4486-a363-d43d82d6a849', '1', '1', '0', '0');
INSERT INTO `uuid` VALUES ('461', '5c8e177d-1905-4d31-a482-d867f7c9c5a0', '1', '1', '0', '0');
INSERT INTO `uuid` VALUES ('462', 'c41b4ec9-6e6f-4d85-8c42-eee2c461f2dc', '1', '1', '0', '0');
INSERT INTO `uuid` VALUES ('463', 'a3d19043-1485-4518-806f-4ba69bcd1660', '1', '1', '0', '0');
INSERT INTO `uuid` VALUES ('464', '3401299a-7a59-4def-a546-04f0635e83a9', '1', '1', '0', '0');
INSERT INTO `uuid` VALUES ('465', 'fba11649-b4ad-41e6-b9ef-4f4aab1129f3', '1', '1', '0', '0');
INSERT INTO `uuid` VALUES ('466', '1f54c90e-a90b-4042-a1de-f8bd9e757a39', '1', '1', '0', '0');
INSERT INTO `uuid` VALUES ('467', '807f092d-05be-4eb4-9554-21ab097b7ae9', '1', '1', '0', '0');
INSERT INTO `uuid` VALUES ('468', '4929b211-cd39-46e1-9d60-1738c75f81ee', '1', '1', '0', '0');
INSERT INTO `uuid` VALUES ('469', '69309dc4-c1fa-435e-b67d-6512dd3a4f5f', '1', '1', '0', '0');
INSERT INTO `uuid` VALUES ('470', '9dc22dd5-d679-4cc0-a1b5-2cd6c6fbafc5', '1', '1', '0', '0');
INSERT INTO `uuid` VALUES ('471', '46aa8d15-9872-45e6-b1b8-e7deb2c8f9fb', '1', '1', '0', '0');
INSERT INTO `uuid` VALUES ('472', 'd498c0da-9cc5-4aa0-bdc7-fbb61b495ec0', '1', '1', '0', '0');
INSERT INTO `uuid` VALUES ('473', '7afb425f-2b03-462b-8c0d-42be03fd8ed4', '1', '1', '0', '0');
INSERT INTO `uuid` VALUES ('474', '2b938a5a-1668-4337-947a-62bda6ae3a13', '1', '1', '0', '0');
INSERT INTO `uuid` VALUES ('475', '09a84374-7cd1-4458-bcc7-58171c1a0f05', '1', '1', '0', '0');
INSERT INTO `uuid` VALUES ('476', 'c2888929-4e5a-43f6-94fe-c1651932a930', '1', '1', '0', '0');
INSERT INTO `uuid` VALUES ('477', '5423099a-dbbb-4408-9fab-d5df674d19a4', '1', '1', '0', '0');
INSERT INTO `uuid` VALUES ('478', '9cf64548-0a73-4209-8b93-93652d7d3ad6', '1', '1', '0', '0');
INSERT INTO `uuid` VALUES ('479', 'f38b49e7-c256-44aa-bb1c-1c8adef7d951', '1', '1', '0', '0');
INSERT INTO `uuid` VALUES ('480', 'ec965930-39ad-4cf7-a453-bf57d934e7cf', '1', '1', '0', '0');
INSERT INTO `uuid` VALUES ('481', 'a0c49cba-4974-4cee-b8ec-e51354e2364b', '1', '1', '0', '0');
INSERT INTO `uuid` VALUES ('482', '1cccfde6-5d6a-4da8-96aa-52b747bd60cd', '1', '1', '0', '0');
INSERT INTO `uuid` VALUES ('483', '31cc5be6-3b01-40d2-b6b0-752cbf59ee34', '1', '1', '0', '0');
INSERT INTO `uuid` VALUES ('484', '9680b93e-0edd-411d-9538-069e1901f0d6', '1', '1', '0', '0');
INSERT INTO `uuid` VALUES ('485', '421fe50d-4c06-4222-a81a-83e5f48cd568', '1', '1', '0', '0');
INSERT INTO `uuid` VALUES ('486', 'e92269cb-bb51-404c-b29f-dbb2c954795a', '1', '1', '0', '0');
INSERT INTO `uuid` VALUES ('487', '7054b146-2225-457a-9c8a-0e6aecc06c6f', '1', '1', '0', '0');
INSERT INTO `uuid` VALUES ('488', '112d343e-8d02-4219-ad3a-0d8c6cdc48de', '1', '1', '0', '0');
INSERT INTO `uuid` VALUES ('489', '434647b1-4e88-4530-a2ae-580746a4948e', '1', '1', '0', '0');
INSERT INTO `uuid` VALUES ('490', 'ff4e397f-db8c-4045-9dd6-51e39788ec61', '1', '1', '0', '0');
INSERT INTO `uuid` VALUES ('491', '81c38ea8-1abb-4097-be40-6dba8c68478a', '1', '1', '0', '0');
INSERT INTO `uuid` VALUES ('492', 'e8e04552-1dce-4dcb-baee-edb9f5a22003', '1', '1', '0', '0');
INSERT INTO `uuid` VALUES ('493', 'b90729cd-0415-44bc-9e52-29ee5a34dd08', '1', '1', '0', '0');
INSERT INTO `uuid` VALUES ('494', '00e10f71-718b-4a2d-9b16-eb3319509ee7', '1', '1', '0', '0');
INSERT INTO `uuid` VALUES ('495', '141c0fe7-2876-4c24-95a3-ece8d6fcfedb', '1', '1', '0', '0');
INSERT INTO `uuid` VALUES ('496', '901beb31-ff47-4638-ada7-cd2edd28fd3f', '1', '1', '0', '0');
INSERT INTO `uuid` VALUES ('497', 'fdf1fb07-27d1-41d7-b998-d7ef988bc8fd', '1', '1', '0', '0');
INSERT INTO `uuid` VALUES ('498', 'dcc67ed8-e30f-453d-be61-f24ccfcb6732', '1', '1', '0', '0');
INSERT INTO `uuid` VALUES ('499', '10ab766a-ae81-4a9b-92bd-08b7f6a01bba', '1', '1', '0', '0');
INSERT INTO `uuid` VALUES ('500', '7ab1fd6d-dd08-4e7d-8ed2-baa3fadf7975', '1', '1', '0', '0');
INSERT INTO `uuid` VALUES ('501', '3a4918a5-3acb-4052-8762-af9a704f17d5', '1', '1', '0', '0');
INSERT INTO `uuid` VALUES ('502', 'c415715f-7a58-4703-858d-04e99409f1c6', '1', '1', '0', '0');
INSERT INTO `uuid` VALUES ('503', '81d0d22a-6c67-455e-9432-8ec2a26f5a48', '1', '1', '0', '0');
INSERT INTO `uuid` VALUES ('504', 'e286c391-4bf9-4ac4-ba98-94e0e42595df', '1', '1', '0', '0');
INSERT INTO `uuid` VALUES ('505', '28bc8020-0102-40b5-814d-a56dc132cff6', '1', '1', '0', '0');
INSERT INTO `uuid` VALUES ('506', '34a4907e-4c63-4d58-8276-84f978f5f1b8', '1', '1', '0', '0');
INSERT INTO `uuid` VALUES ('507', '249fceac-041c-427e-af35-519bf207b452', '1', '1', '0', '0');
INSERT INTO `uuid` VALUES ('508', 'd39914a2-c49f-4913-a94d-d26a4cc26af7', '1', '1', '0', '0');
INSERT INTO `uuid` VALUES ('509', 'a83c3449-4870-4012-99ee-c21f258236bb', '1', '1', '0', '0');
INSERT INTO `uuid` VALUES ('510', '40ce5075-4c13-47be-8ee8-023cfebb3147', '1', '1', '0', '0');
INSERT INTO `uuid` VALUES ('511', 'f253c1d0-b5b7-4fee-bbcb-4b8be5cbf1c4', '1', '1', '0', '0');
INSERT INTO `uuid` VALUES ('512', '83a35b23-ab55-49cd-8ee3-0ae5afa0ea49', '1', '1', '0', '0');
INSERT INTO `uuid` VALUES ('513', 'aedaf019-f028-43ea-8162-7d158f9299e2', '1', '1', '0', '0');
INSERT INTO `uuid` VALUES ('514', '09aa3cda-6b4a-4cc4-bfbf-17c715a131d5', '1', '1', '0', '0');
INSERT INTO `uuid` VALUES ('515', '32e794a7-a8b4-470c-8226-9216d943d0ce', '1', '1', '0', '0');
INSERT INTO `uuid` VALUES ('516', '2672d450-16e0-4cdf-8108-362e3cc66df5', '1', '1', '0', '0');
INSERT INTO `uuid` VALUES ('517', 'e226ec17-c1d5-418d-8925-8f05147b0e8c', '1', '1', '0', '0');
INSERT INTO `uuid` VALUES ('518', 'e69b7ef0-ac4f-4135-a50f-00d6d18f5173', '1', '1', '0', '0');
INSERT INTO `uuid` VALUES ('519', 'b5704dee-b6ab-46b0-bc0f-53a660b1e83e', '1', '1', '0', '0');
INSERT INTO `uuid` VALUES ('520', '916de504-c799-4e30-bf88-9f38dbdac11a', '1', '1', '0', '0');
INSERT INTO `uuid` VALUES ('521', '835cec41-2d0f-4694-a3c7-9941c875b4fd', '1', '1', '0', '1');
INSERT INTO `uuid` VALUES ('724', '6454b042-a0e0-4a37-bad3-07e6915ab978', '4', '0', '0', '2');
INSERT INTO `uuid` VALUES ('725', '1de50aa6-df7f-46a4-a742-27b0e9c29d31', '4', '0', '0', '2');
INSERT INTO `uuid` VALUES ('726', '8d05a8e8-dce6-41a6-91e4-b2ef106e670e', '4', '0', '0', '2');
INSERT INTO `uuid` VALUES ('727', '47b0dba3-801f-4acb-bc32-f24c1e6fa366', '4', '0', '0', '2');
INSERT INTO `uuid` VALUES ('728', '94c24cef-7994-4348-b1fe-63ed0cc842d0', '4', '0', '0', '2');
INSERT INTO `uuid` VALUES ('729', '5e4a7562-420d-4c01-bd87-bd316be6884a', '4', '0', '0', '2');
INSERT INTO `uuid` VALUES ('730', '6d0f2b84-ef10-49d1-97ca-6f8dc2521449', '4', '0', '0', '2');
INSERT INTO `uuid` VALUES ('731', 'a52105a8-466d-4d9c-992f-20851c6ee6a8', '4', '0', '0', '2');
INSERT INTO `uuid` VALUES ('732', 'fc180f86-ca13-46d4-b20a-bae52d040b59', '4', '0', '0', '2');
INSERT INTO `uuid` VALUES ('733', '9d9c8668-5eaa-441a-ba78-5d85e39ba641', '4', '0', '0', '2');
INSERT INTO `uuid` VALUES ('734', 'ac406f88-46fe-458e-9529-4f1244b47107', '4', '0', '0', '2');
INSERT INTO `uuid` VALUES ('735', '0df558b2-a10c-4a5c-8897-6142cc333164', '4', '0', '0', '2');
INSERT INTO `uuid` VALUES ('736', 'ca176f8b-e268-45c0-a89b-4a28983fe9f5', '4', '0', '0', '2');
INSERT INTO `uuid` VALUES ('737', '37effb84-1ca8-4c9f-90e8-7bfe729d32dc', '4', '0', '0', '2');
INSERT INTO `uuid` VALUES ('738', '536251e5-6dc0-4805-b068-939f155c654f', '4', '0', '0', '2');
INSERT INTO `uuid` VALUES ('739', 'a6a5c483-3f64-40e2-a0be-94d040aebec5', '4', '0', '0', '2');
INSERT INTO `uuid` VALUES ('740', '2be9358b-06e0-45e6-bf16-95c1fe065545', '4', '0', '0', '2');
INSERT INTO `uuid` VALUES ('741', '6f208e2a-0013-4625-8098-3e60c7e972ae', '4', '0', '0', '2');
INSERT INTO `uuid` VALUES ('742', '95d49905-988f-48e4-aa6c-d2a12bc6fbeb', '4', '0', '0', '2');
INSERT INTO `uuid` VALUES ('743', 'ff0ee112-509f-4b79-8d04-06beb6572349', '4', '0', '0', '2');
INSERT INTO `uuid` VALUES ('744', 'cc7da149-28b9-460a-b866-2bb7476bb124', '4', '0', '0', '2');
INSERT INTO `uuid` VALUES ('745', 'e8b7e2a3-6877-4d74-8744-319ceab965d0', '4', '0', '0', '2');
INSERT INTO `uuid` VALUES ('746', '5fb1fe8f-0d4c-4c03-a981-8f4a333f5572', '4', '0', '0', '2');
INSERT INTO `uuid` VALUES ('747', 'eaafbed1-2fae-4cc5-bcc8-309d6d8623ac', '4', '0', '0', '2');
INSERT INTO `uuid` VALUES ('748', '1b5f1356-ceb4-48a4-8d0e-e5c82ef5879c', '4', '0', '0', '2');
INSERT INTO `uuid` VALUES ('749', '6c1f1d0a-33c3-46f8-9f1b-16d4768cc770', '4', '0', '0', '2');
INSERT INTO `uuid` VALUES ('750', 'e90a2ad6-a68e-4993-9d60-22451304ca91', '4', '0', '0', '2');
INSERT INTO `uuid` VALUES ('751', '1fa300ea-e33d-4eec-9435-749887926618', '4', '0', '0', '2');
INSERT INTO `uuid` VALUES ('752', '4b805e60-519d-40ab-9c09-b3c2d0ebbdb0', '4', '0', '0', '2');
INSERT INTO `uuid` VALUES ('753', 'a18ed1d1-a12b-4b08-893c-7db9f0c3a045', '4', '0', '0', '2');
INSERT INTO `uuid` VALUES ('754', 'e613baee-97f3-40f3-9df3-7dd2a196b320', '4', '0', '0', '2');
INSERT INTO `uuid` VALUES ('755', '1ea910ab-7dbc-4e4f-a455-efc610ae6803', '4', '0', '0', '2');
INSERT INTO `uuid` VALUES ('756', '074bc461-3598-4a33-96ac-d7c704b4590c', '4', '0', '0', '2');
INSERT INTO `uuid` VALUES ('757', 'd8745d77-127c-43ea-aece-01634e9a7fb0', '4', '0', '0', '2');
INSERT INTO `uuid` VALUES ('758', '8482d14b-ec49-4ba2-b3f9-c476ff5f78e2', '4', '0', '0', '2');
INSERT INTO `uuid` VALUES ('759', '48779907-f8ee-43e3-ac06-59cdc8bbe219', '4', '0', '0', '2');
INSERT INTO `uuid` VALUES ('760', '5624cc71-83ce-47f1-8f72-35caf822b495', '4', '0', '0', '2');
INSERT INTO `uuid` VALUES ('761', '5d58edbb-825b-4b87-8c0a-2b1ad8b8a45b', '4', '0', '0', '2');
INSERT INTO `uuid` VALUES ('762', 'eba8cb96-4fc8-409a-9e36-f5d5abae4841', '4', '0', '0', '2');
INSERT INTO `uuid` VALUES ('763', 'b1326531-d144-4cea-9e9e-8c55ed8978eb', '4', '0', '0', '2');
INSERT INTO `uuid` VALUES ('764', '0d16144d-b61d-481e-b90e-73049a0697cc', '4', '0', '0', '2');
INSERT INTO `uuid` VALUES ('765', 'f626f7d7-98fb-46c4-83f9-26767c5bf22f', '4', '0', '0', '2');
INSERT INTO `uuid` VALUES ('766', '32df3b19-4f0a-4d4d-ba54-87b992cb0915', '4', '0', '0', '2');
INSERT INTO `uuid` VALUES ('767', 'ddc1379b-4ce4-4814-bff8-9623445020c8', '4', '0', '0', '2');
INSERT INTO `uuid` VALUES ('768', 'c8e2129b-733d-42e9-8ecb-ef4479fb9071', '4', '0', '0', '2');
INSERT INTO `uuid` VALUES ('769', 'cfa3351b-9125-4600-a740-1061bd163caf', '4', '0', '0', '2');
INSERT INTO `uuid` VALUES ('770', 'c66ec336-cd56-4b5b-89f2-7df2b20d4f5f', '4', '0', '0', '2');
INSERT INTO `uuid` VALUES ('771', 'fe8638be-e099-4c20-81ad-519d30843ce2', '4', '0', '0', '2');
INSERT INTO `uuid` VALUES ('772', 'd8e9af78-e973-4db2-a36a-f177f0e780dd', '4', '0', '0', '2');
INSERT INTO `uuid` VALUES ('773', '39ee10fe-d346-4ffa-9a5e-e3df6a3622b8', '4', '0', '0', '2');
INSERT INTO `uuid` VALUES ('774', '7d4acf7d-eb9c-4116-ad4b-23fc74a602c1', '4', '0', '0', '2');
INSERT INTO `uuid` VALUES ('775', '7ea47744-ca13-4751-ad3d-15f025076212', '4', '0', '0', '2');
INSERT INTO `uuid` VALUES ('776', 'a8f7b3f3-fdc6-4e3d-b556-0fa2b55074bc', '4', '0', '0', '2');
INSERT INTO `uuid` VALUES ('777', '95a38149-116c-4634-94d9-80d62edfd27f', '4', '0', '0', '2');
INSERT INTO `uuid` VALUES ('778', 'd6114535-7bd5-448c-9427-eceb306be0fe', '4', '0', '0', '2');
INSERT INTO `uuid` VALUES ('779', '98a00705-d552-4c8d-8be9-0dbb7553b470', '4', '0', '0', '2');
INSERT INTO `uuid` VALUES ('780', 'e6af1ebd-9bf2-4ba0-99a2-1b7c8f12cd02', '4', '0', '0', '2');
INSERT INTO `uuid` VALUES ('781', '73884f72-6a04-4a44-ab57-22bb62f44be7', '4', '0', '0', '2');
INSERT INTO `uuid` VALUES ('782', '23c60ddb-537a-499c-863d-df82a6868f08', '4', '0', '0', '2');
INSERT INTO `uuid` VALUES ('783', 'cdfdba8a-a373-43bc-92de-dfda86b5a8a2', '4', '0', '0', '2');
INSERT INTO `uuid` VALUES ('784', '2d9b4e55-4bef-4fe1-a363-db47f1ba3e0a', '4', '0', '0', '2');
INSERT INTO `uuid` VALUES ('785', '7d379c8c-e6ff-4eec-a9d6-c6e5318d54c1', '4', '0', '0', '1');
INSERT INTO `uuid` VALUES ('786', '8c5be57a-f945-4419-99ab-5f9c5e8ae606', '4', '0', '0', '1');
INSERT INTO `uuid` VALUES ('787', '4e177412-d9db-47db-97f7-2878ca3a5f7b', '4', '0', '0', '1');
INSERT INTO `uuid` VALUES ('788', '259310b7-86dd-4c7b-be8e-8a072e8c976e', '4', '0', '0', '1');
INSERT INTO `uuid` VALUES ('789', '22558689-ab77-4381-9420-9b4223c10602', '4', '0', '0', '1');
INSERT INTO `uuid` VALUES ('790', '159eb9fd-16af-4f9d-8978-b0ca4c953551', '4', '0', '0', '1');
INSERT INTO `uuid` VALUES ('791', 'c38f6712-e0de-4c6b-afec-131ba8b6e994', '4', '0', '0', '1');
INSERT INTO `uuid` VALUES ('792', '9073aed4-851d-4f0d-9c14-be931172e2c5', '4', '0', '0', '1');
INSERT INTO `uuid` VALUES ('793', '0e0c0037-28e4-4bc1-a0c9-ea68a2fa39dd', '4', '0', '0', '1');
INSERT INTO `uuid` VALUES ('794', '8207cc63-1795-4853-b7ac-57882f6ca562', '4', '0', '0', '1');
INSERT INTO `uuid` VALUES ('795', '40c50e8e-1c6a-454f-a08c-e330f3d52130', '4', '0', '0', '1');
INSERT INTO `uuid` VALUES ('796', 'c666b611-b95e-4f2d-a8e4-07d7e000867e', '4', '0', '0', '1');
INSERT INTO `uuid` VALUES ('797', '2b0643cd-190c-4e72-baff-c4400547309d', '4', '0', '0', '1');
INSERT INTO `uuid` VALUES ('798', '21fb84fa-9e18-4a55-83ac-1373dd281b0a', '4', '0', '0', '1');
INSERT INTO `uuid` VALUES ('799', '06ff7cb8-f080-43cf-8355-7ad8865676f2', '4', '0', '0', '1');
INSERT INTO `uuid` VALUES ('800', 'c0f51666-f65d-4475-b972-2a104fe25e16', '4', '0', '0', '1');
INSERT INTO `uuid` VALUES ('801', '39cea305-25b9-4170-bd0c-7b57761dbeb3', '4', '0', '0', '1');
INSERT INTO `uuid` VALUES ('802', '3881ccec-c56d-486a-af1e-27edaf1be555', '4', '0', '0', '1');
INSERT INTO `uuid` VALUES ('803', 'cef54fb2-70db-4fe2-a02f-d1e1d40e68a5', '4', '0', '0', '1');
INSERT INTO `uuid` VALUES ('804', 'dc18f805-315b-4ec7-8f3c-885139d7daa8', '4', '0', '0', '1');
INSERT INTO `uuid` VALUES ('805', '67df2fc4-7758-4e83-a51e-bf23dc7bc7b8', '4', '0', '0', '1');
INSERT INTO `uuid` VALUES ('806', 'e432b9cf-cda9-4266-80c4-64e50125698b', '4', '0', '0', '1');
INSERT INTO `uuid` VALUES ('807', '1be658ff-ecff-4105-a576-6472f11cdb75', '4', '0', '0', '1');
INSERT INTO `uuid` VALUES ('808', 'da5da53f-ac2d-48f8-bd38-f8b3a68cf2fb', '4', '0', '0', '1');
INSERT INTO `uuid` VALUES ('809', '20ca7671-4128-4657-aa0d-50d5826c25d7', '4', '0', '0', '1');
INSERT INTO `uuid` VALUES ('810', 'fd3cb47d-492a-4211-bf0d-99fb93cfc775', '4', '0', '0', '1');
INSERT INTO `uuid` VALUES ('811', 'aa1646d5-4a28-426c-ba3f-8754afa79e87', '4', '0', '0', '1');
INSERT INTO `uuid` VALUES ('812', '5d20e42b-5c4d-492d-8faf-0a5192adfd3f', '4', '0', '0', '1');
INSERT INTO `uuid` VALUES ('813', '89efca33-05a9-4aec-b2e9-5aab925c91d0', '4', '0', '0', '1');
INSERT INTO `uuid` VALUES ('814', '50d6640d-7fdc-4e76-af92-4808f6c247d8', '4', '0', '0', '1');
INSERT INTO `uuid` VALUES ('815', '9d919abd-ecfd-48ea-84fc-cf1bc1988c37', '4', '0', '0', '1');
INSERT INTO `uuid` VALUES ('816', 'c1781528-4ab4-490b-af2c-bae1673edce2', '4', '0', '0', '1');
INSERT INTO `uuid` VALUES ('817', '3d95edf8-5d5f-4623-9fd6-12617646fc1b', '4', '0', '0', '1');
INSERT INTO `uuid` VALUES ('818', 'd652062b-247e-49be-8991-31a24128ac2a', '4', '0', '0', '1');
INSERT INTO `uuid` VALUES ('819', '3fcfe35e-ab29-4370-8cbe-701b64f0e1f2', '4', '0', '0', '1');
INSERT INTO `uuid` VALUES ('820', '06b9f099-85bd-47d6-883a-8c3cd05aee49', '4', '0', '0', '1');
INSERT INTO `uuid` VALUES ('821', 'd411bbf1-f797-4434-ac69-2f5309ac52a7', '4', '0', '0', '1');
INSERT INTO `uuid` VALUES ('822', 'aba2b18b-7ced-475b-b683-a24e2a505432', '4', '0', '0', '1');
INSERT INTO `uuid` VALUES ('823', 'cb4ce39b-62b2-4fbd-95e7-e08fac6dc04b', '4', '0', '0', '1');
INSERT INTO `uuid` VALUES ('824', '3e5160fa-baa1-45b0-b744-42f739364731', '4', '0', '0', '2');

-- ----------------------------
-- Table structure for vmess
-- ----------------------------
DROP TABLE IF EXISTS `vmess`;
CREATE TABLE `vmess` (
  `id` bigint(20) NOT NULL AUTO_INCREMENT COMMENT '主键',
  `country` varchar(255) DEFAULT NULL COMMENT '国家',
  `icon` varchar(255) DEFAULT NULL COMMENT '图标',
  `name` varchar(255) DEFAULT NULL COMMENT '线路名称',
  `address` varchar(255) DEFAULT NULL COMMENT '地址  ',
  `port` varchar(255) DEFAULT NULL COMMENT '端口',
  `alterId` int(11) DEFAULT NULL COMMENT '额外ID',
  `security` tinyint(2) DEFAULT NULL COMMENT '加密方式 0 none 1 auto 2 aes-128-cfb 3 aes-128-gcm 4 chacha20-poly1305',
  `network` tinyint(2) unsigned DEFAULT NULL COMMENT '传输协议 1 tcp 2 kcp 3 ws 4 h2',
  `remarks` varchar(255) DEFAULT NULL COMMENT '别名',
  `type` varchar(255) DEFAULT NULL COMMENT '伪装类型',
  `host` varchar(255) DEFAULT NULL COMMENT '伪装域名',
  `path` varchar(255) DEFAULT NULL COMMENT '路径',
  `hsts` varchar(255) DEFAULT NULL COMMENT '底层传输安全',
  `allowInsecure` tinyint(2) DEFAULT '1' COMMENT '0  false 1 true',
  `isVip` tinyint(2) DEFAULT NULL COMMENT '是否是vip线路 0 不是  1 是',
  `maxConnections` int(11) DEFAULT '500' COMMENT '最大可分配连接数人数',
  `currentConnection` int(11) DEFAULT '0' COMMENT '当前已分配连接数',
  `configVersion` varchar(255) DEFAULT NULL COMMENT '版本号',
  PRIMARY KEY (`id`)
) ENGINE=InnoDB AUTO_INCREMENT=5 DEFAULT CHARSET=utf8 COMMENT='线路表';

-- ----------------------------
-- Records of vmess
-- ----------------------------
INSERT INTO `vmess` VALUES ('1', 'VIP全球专属', 'https://folder.jile.pub/vpnimage/lhg.jpg', 'VIP全球专属', 'vip.kaman.jp', '443', '64', '3', '3', '蓝鸟', 'none', null, '/ironman', 'tls', '1', '1', '50000', '17', '1');
INSERT INTO `vmess` VALUES ('4', '免费', 'https://folder.jile.pub/vpnimage/zg.jpg', '免费', 'free.kaman.jp', '443', '12', '3', '3', '蓝鸟', 'none', null, '/ironman', 'tls', '1', '0', '100000', '163', '2');
